ABDELKADER_JUSTIN,	74,	910:13,	7,	12,	8,	129,	187,	226,	18.9,	32.4,	2.44,	2.24,	8.41,	92.15,	2.82,	2.92,	49.1,	2.62,	2.53,	36.0,	30.8,	33.2,	-1;
ADAM_LUKE,	19,	213:00,	3,	1,	0,	31,	42,	50,	42.9,	14.3,	1.97,	2.82,	5.93,	90.99,	2.79,	2.62,	51.6,	2.64,	2.64,	38.5,	26.3,	35.2,	-1;
ADAMS_CRAIG,	80,	974:56,	4,	11,	5,	90,	111,	138,	16.0,	44.0,	1.54,	3.38,	7.00,	89.46,	2.73,	2.09,	56.6,	2.70,	2.60,	24.2,	45.4,	30.4,	-1;
ALFREDSSON_DANIEL,	54,	1040:54,	14,	17,	9,	96,	136,	187,	27.5,	33.3,	2.94,	3.57,	10.20,	87.89,	2.31,	2.86,	44.7,	2.82,	2.58,	37.8,	28.3,	33.9,	-1;
ANISIMOV_ARTEM,	82,	1328:02,	18,	26,	14,	190,	255,	335,	28.1,	40.6,	2.89,	2.30,	9.33,	91.51,	2.80,	2.66,	51.2,	2.76,	2.60,	34.3,	29.3,	36.4,	-1;
ANTROPOV_NIK,	76,	1189:24,	16,	25,	16,	105,	151,	183,	26.7,	41.7,	3.03,	2.72,	9.60,	90.24,	2.52,	3.06,	45.2,	2.63,	2.60,	42.3,	25.1,	32.6,	-1;
ARMSTRONG_COLBY,	50,	806:14,	8,	15,	9,	69,	97,	124,	25.0,	46.9,	2.38,	3.35,	9.47,	89.44,	2.46,	2.83,	46.5,	2.73,	2.57,	27.6,	38.5,	33.9,	-1;
ARNOTT_JASON,	73,	1133:16,	17,	14,	10,	169,	225,	288,	34.7,	28.6,	2.59,	2.06,	7.69,	91.35,	2.17,	2.43,	47.2,	2.66,	2.63,	42.3,	25.7,	32.1,	-1;
ASHAM_ARRON,	44,	420:17,	5,	6,	4,	60,	66,	81,	33.3,	40.0,	2.14,	2.14,	7.46,	92.06,	2.56,	2.42,	51.4,	2.55,	2.61,	34.8,	24.9,	40.3,	-1;
AVERY_SEAN,	76,	853:34,	3,	21,	12,	137,	186,	227,	10.7,	75.0,	1.97,	2.18,	6.44,	92.69,	2.71,	2.24,	54.8,	2.57,	2.65,	32.3,	26.9,	40.8,	-1;
BACKES_DAVID,	82,	1615:53,	30,	31,	19,	210,	304,	360,	28.6,	29.5,	3.90,	2.45,	11.68,	90.48,	2.59,	2.64,	49.4,	2.83,	2.61,	36.9,	29.7,	33.4,	-1;
BACKLUND_MIKAEL,	73,	881:47,	10,	15,	9,	144,	199,	240,	25.0,	37.5,	2.72,	2.38,	8.42,	90.77,	2.87,	2.71,	51.4,	2.62,	2.60,	32.6,	29.2,	38.2,	-1;
BACKSTROM_NICKLAS,	76,	1567:36,	16,	47,	28,	198,	275,	345,	17.6,	51.6,	3.48,	1.91,	9.07,	92.64,	2.60,	2.43,	51.7,	2.69,	2.65,	37.9,	29.6,	32.6,	-1;
BAILEY_JOSH,	70,	1248:24,	11,	18,	11,	102,	126,	162,	20.8,	34.0,	2.55,	3.03,	9.28,	90.26,	2.62,	3.02,	46.4,	2.70,	2.56,	30.6,	36.7,	32.6,	-1;
BARCH_KRYSTOFER,	44,	229:52,	2,	1,	0,	16,	21,	23,	50.0,	25.0,	1.04,	2.61,	5.19,	91.23,	2.11,	2.63,	44.6,	2.61,	2.58,	38.8,	21.4,	39.8,	-1;
BEAGLE_JAY,	31,	325:38,	2,	1,	0,	27,	35,	53,	28.6,	14.3,	1.29,	1.84,	6.93,	93.59,	2.42,	2.49,	49.4,	2.73,	2.54,	27.6,	37.8,	34.7,	-1;
BELANGER_ERIC,	82,	1421:43,	13,	27,	14,	127,	196,	248,	19.7,	40.9,	2.79,	2.62,	9.66,	91.66,	2.86,	2.48,	53.6,	2.82,	2.61,	30.8,	39.7,	29.5,	-1;
BELESKEY_MATT,	35,	454:24,	3,	7,	4,	58,	74,	94,	16.7,	38.9,	2.38,	3.43,	9.23,	91.36,	2.83,	2.65,	51.6,	2.73,	2.63,	32.5,	25.4,	42.1,	-1;
BENN_JAMIE,	69,	1241:47,	22,	34,	18,	176,	246,	325,	32.8,	50.7,	3.24,	3.04,	11.02,	89.57,	2.73,	2.62,	51.1,	2.75,	2.59,	37.8,	28.4,	33.8,	-1;
BERGENHEIM_SEAN,	80,	1118:17,	14,	15,	8,	180,	244,	304,	33.3,	35.7,	2.25,	2.36,	6.92,	91.15,	2.75,	2.92,	48.5,	2.71,	2.58,	27.2,	32.7,	40.1,	-1;
BERGERON_PATRICE,	80,	1431:05,	22,	35,	23,	211,	277,	365,	25.3,	40.2,	3.65,	2.89,	10.25,	90.59,	2.78,	2.07,	57.3,	2.78,	2.61,	31.7,	38.2,	30.0,	-1;
BERGFORS_NICLAS,	72,	1062:13,	12,	24,	12,	152,	199,	246,	24.0,	48.0,	2.82,	2.60,	7.74,	91.05,	2.74,	2.90,	48.6,	2.73,	2.59,	34.2,	30.6,	35.1,	-1;
BERGLUND_PATRIK,	81,	1392:26,	22,	30,	19,	175,	247,	314,	29.3,	40.0,	3.23,	2.46,	9.64,	89.44,	2.82,	2.79,	50.3,	2.71,	2.63,	45.2,	21.8,	33.0,	-1;
BERNIER_STEVE,	68,	886:21,	5,	10,	5,	97,	136,	162,	18.5,	37.0,	1.83,	2.64,	6.52,	91.28,	2.46,	2.66,	48.1,	2.64,	2.62,	38.3,	28.1,	33.6,	-1;
BERTUZZI_TODD,	81,	1292:31,	16,	29,	14,	138,	195,	239,	23.5,	42.6,	3.16,	2.83,	9.07,	90.38,	3.28,	2.66,	55.2,	2.73,	2.60,	36.4,	27.0,	36.5,	-1;
BETTS_BLAIR,	75,	783:50,	5,	7,	3,	51,	64,	84,	33.3,	46.7,	1.15,	3.52,	6.67,	89.62,	3.12,	2.58,	54.8,	2.73,	2.55,	11.1,	56.5,	32.5,	-1;
BICKELL_BRYAN,	78,	1079:22,	17,	20,	10,	130,	175,	219,	30.4,	35.7,	3.11,	2.28,	11.24,	91.96,	2.64,	2.81,	48.4,	2.78,	2.60,	27.8,	30.1,	42.1,	-1;
BISSONNETTE_PAUL,	48,	252:14,	1,	0,	0,	18,	24,	38,	12.5,	0.0,	1.90,	0.48,	6.78,	98.08,	2.62,	2.86,	47.8,	2.44,	2.59,	41.5,	23.1,	35.4,	-1;
BLAKE_JASON,	76,	1121:45,	16,	16,	6,	187,	238,	286,	29.1,	29.1,	2.94,	2.30,	9.40,	92.28,	3.42,	2.86,	54.4,	2.75,	2.61,	35.7,	26.1,	38.2,	-1;
BODIE_TROY,	59,	403:06,	1,	3,	2,	44,	57,	83,	14.3,	42.9,	1.04,	2.53,	3.54,	92.73,	2.39,	2.77,	46.3,	2.48,	2.54,	27.9,	34.8,	37.4,	-1;
BOEDKER_MIKKEL,	34,	370:29,	4,	10,	6,	39,	55,	76,	18.2,	45.5,	3.56,	0.97,	11.70,	96.61,	2.75,	2.65,	51.0,	2.61,	2.58,	37.7,	24.5,	37.7,	-1;
BOLDUC_ALEXANDRE,	24,	178:25,	2,	2,	2,	21,	26,	29,	33.3,	33.3,	2.02,	2.02,	8.33,	93.55,	2.32,	2.19,	51.4,	2.53,	2.69,	18.0,	32.4,	49.5,	-1;
BOLL_JARED,	73,	560:13,	7,	5,	4,	65,	88,	107,	31.8,	22.7,	2.36,	2.57,	8.21,	90.62,	2.57,	2.96,	46.5,	2.56,	2.55,	38.9,	26.3,	34.8,	-1;
BOLLAND_DAVE,	61,	1076:12,	15,	22,	17,	102,	142,	179,	25.9,	37.9,	3.23,	2.68,	11.76,	91.30,	2.68,	2.64,	50.4,	2.89,	2.60,	21.4,	45.0,	33.6,	-1;
BONINO_NICK,	26,	254:59,	0,	0,	0,	23,	36,	41,	0.0,	0.0,	0.94,	1.65,	3.42,	94.12,	2.20,	2.84,	43.6,	2.50,	2.59,	39.8,	21.5,	38.7,	-1;
BOOGAARD_DEREK,	22,	100:05,	1,	1,	1,	4,	8,	9,	33.3,	33.3,	1.80,	1.80,	8.57,	94.23,	2.34,	2.27,	50.8,	2.31,	2.71,	31.6,	19.0,	49.4,	-1;
BOOTH_DAVID,	82,	1549:45,	22,	17,	11,	279,	376,	485,	29.3,	22.7,	2.90,	3.25,	8.00,	89.20,	2.11,	2.32,	47.6,	2.65,	2.60,	39.4,	26.7,	33.9,	-1;
BOUCHARD_PIERRE-MARC,	59,	927:06,	12,	26,	10,	98,	133,	172,	22.2,	48.1,	3.50,	2.65,	10.29,	90.53,	2.33,	2.70,	46.4,	2.72,	2.64,	41.3,	27.2,	31.5,	-1;
BOULTON_ERIC,	69,	618:07,	6,	4,	4,	51,	68,	87,	28.6,	19.0,	2.04,	1.84,	7.66,	93.56,	2.41,	3.35,	41.8,	2.50,	2.57,	31.5,	30.2,	38.3,	-1;
BOUMA_LANCE,	16,	93:58,	0,	1,	1,	9,	13,	17,	0.0,	50.0,	1.28,	1.92,	4.76,	92.50,	2.82,	2.65,	51.6,	2.30,	2.65,	33.0,	23.9,	43.2,	-1;
BOURQUE_RENE,	80,	1420:17,	27,	23,	14,	218,	308,	382,	38.6,	32.9,	2.96,	2.83,	9.83,	90.16,	2.92,	2.65,	52.5,	2.75,	2.64,	41.4,	25.4,	33.2,	-1;
BOWMAN_DRAYSON,	22,	220:50,	0,	1,	1,	27,	42,	61,	0.0,	14.3,	1.90,	1.63,	6.86,	94.00,	2.44,	2.83,	46.4,	2.74,	2.67,	27.0,	27.5,	45.6,	-1;
BOYCE_DARRYL,	46,	523:35,	5,	8,	3,	27,	45,	65,	17.2,	27.6,	3.32,	2.41,	14.01,	92.47,	2.17,	2.98,	42.1,	2.70,	2.57,	27.3,	32.3,	40.4,	-1;
BOYCHUK_ZACH,	23,	246:37,	4,	3,	1,	44,	51,	63,	44.4,	33.3,	2.19,	2.43,	6.77,	92.86,	2.70,	2.84,	48.7,	2.61,	2.66,	30.5,	35.8,	33.7,	-1;
BOYD_DUSTIN,	10,	98:23,	1,	0,	0,	8,	13,	19,	100.0,	0.0,	0.61,	5.49,	3.03,	85.25,	2.05,	2.33,	46.9,	2.68,	2.71,	31.3,	36.1,	32.5,	-1;
BOYES_BRAD,	83,	1410:57,	17,	38,	20,	178,	248,	321,	20.5,	45.8,	3.53,	2.21,	10.48,	91.48,	2.85,	2.81,	50.3,	2.72,	2.59,	40.4,	26.6,	32.9,	-1;
BOYLE_BRIAN,	82,	1290:23,	21,	14,	7,	218,	288,	365,	44.7,	29.8,	2.19,	2.46,	7.74,	91.92,	2.63,	2.25,	53.9,	2.74,	2.59,	23.9,	40.4,	35.7,	-1;
BOZAK_TYLER,	82,	1581:01,	15,	17,	9,	120,	165,	202,	24.2,	27.4,	2.35,	3.23,	8.08,	89.89,	2.76,	2.66,	50.9,	2.69,	2.59,	38.3,	32.8,	28.9,	-1;
BRADLEY_MATT,	60,	628:27,	4,	7,	1,	58,	78,	103,	21.1,	36.8,	1.81,	2.20,	6.81,	91.32,	2.14,	2.68,	44.4,	2.67,	2.61,	31.5,	31.3,	37.2,	-1;
BRASSARD_DERICK,	74,	1260:07,	17,	30,	18,	183,	227,	304,	25.4,	44.8,	3.19,	2.90,	8.74,	89.05,	2.76,	2.74,	50.2,	2.70,	2.63,	47.5,	20.3,	32.2,	-1;
BRENT_TIM,	79,	920:27,	8,	12,	8,	60,	88,	111,	25.8,	38.7,	2.02,	3.39,	9.39,	89.96,	2.18,	2.85,	43.4,	2.70,	2.57,	27.0,	44.7,	28.3,	-1;
BRIERE_DANIEL,	77,	1408:53,	34,	34,	19,	246,	307,	386,	35.8,	35.8,	4.05,	2.13,	11.11,	92.33,	3.24,	2.58,	55.7,	2.56,	2.57,	42.8,	23.7,	33.4,	-1;
BRODZIAK_KYLE,	80,	1262:05,	16,	21,	15,	126,	187,	230,	30.8,	40.4,	2.47,	3.23,	9.01,	90.23,	2.55,	2.51,	50.3,	2.79,	2.63,	27.0,	44.5,	28.5,	-1;
BROUWER_TROY,	79,	1193:14,	17,	19,	13,	122,	173,	220,	26.2,	29.2,	3.27,	2.36,	9.69,	90.43,	2.97,	2.65,	52.8,	2.71,	2.64,	41.8,	20.7,	37.5,	-1;
BROWN_DUSTIN,	82,	1588:07,	27,	29,	18,	227,	323,	419,	32.1,	34.5,	3.17,	1.97,	9.74,	92.36,	2.47,	2.54,	49.3,	2.83,	2.65,	41.7,	25.5,	32.8,	-1;
BROWN_MIKE,	50,	504:42,	3,	6,	3,	59,	83,	97,	18.8,	37.5,	1.90,	3.21,	9.70,	90.25,	2.10,	3.03,	41.0,	2.63,	2.55,	24.4,	42.0,	33.6,	-1;
BRULE_GILBERT,	41,	565:29,	7,	2,	2,	72,	87,	112,	38.9,	11.1,	1.91,	2.33,	7.14,	92.44,	2.37,	3.14,	43.0,	2.70,	2.62,	32.7,	26.6,	40.7,	-1;
BRUNETTE_ANDREW,	82,	1377:21,	18,	28,	19,	117,	141,	154,	25.4,	39.4,	3.09,	1.92,	10.11,	92.76,	2.24,	3.40,	39.7,	2.78,	2.64,	42.6,	23.7,	33.7,	-1;
BURISH_ADAM,	63,	904:02,	8,	6,	3,	89,	121,	142,	30.8,	23.1,	1.73,	2.52,	7.56,	92.28,	2.58,	2.78,	48.1,	2.82,	2.59,	18.8,	53.4,	27.8,	-1;
BURMISTROV_ALEXANDER,	74,	978:04,	6,	14,	5,	92,	126,	167,	21.4,	50.0,	1.72,	3.07,	6.85,	90.25,	2.47,	3.03,	45.0,	2.62,	2.56,	32.8,	28.3,	38.9,	-1;
BURNS_BRENT,	80,	2003:30,	17,	29,	13,	170,	248,	378,	18.1,	30.9,	2.81,	2.94,	10.05,	90.47,	2.32,	2.70,	46.2,	2.82,	2.63,	31.0,	36.4,	32.6,	-1;
BURROWS_ALEX,	72,	1226:17,	26,	22,	6,	152,	215,	266,	36.6,	31.0,	3.47,	2.25,	11.01,	92.80,	4.05,	2.00,	66.9,	2.83,	2.67,	42.8,	26.2,	31.0,	-1;
BUTLER_BOBBY,	36,	555:27,	10,	11,	6,	73,	98,	116,	32.3,	35.5,	3.35,	3.89,	9.97,	87.28,	2.41,	2.75,	46.7,	2.65,	2.54,	37.6,	25.6,	36.8,	-1;
BYRON_PAUL,	8,	87:38,	1,	1,	0,	5,	7,	7,	25.0,	25.0,	2.74,	2.74,	8.51,	91.30,	2.86,	2.46,	53.8,	2.51,	2.76,	40.8,	22.4,	36.8,	-1;
CALLAHAN_RYAN,	60,	1193:01,	22,	25,	15,	178,	248,	298,	31.9,	36.2,	3.47,	3.37,	11.06,	88.12,	2.62,	2.09,	55.6,	2.80,	2.62,	35.3,	34.9,	29.8,	-1;
CALVERT_MATT,	42,	465:56,	11,	9,	5,	49,	66,	83,	39.3,	32.1,	3.61,	2.45,	10.29,	90.50,	2.58,	3.03,	45.9,	2.64,	2.52,	40.7,	20.3,	39.0,	-1;
CAMMALLERI_MIKE,	67,	1238:09,	18,	28,	14,	192,	264,	342,	26.1,	40.6,	3.34,	2.04,	9.69,	92.80,	2.34,	2.58,	47.6,	2.71,	2.61,	39.2,	24.9,	35.9,	-1;
CAMPBELL_GREGORY,	80,	1075:16,	13,	16,	5,	98,	125,	172,	31.7,	39.0,	2.29,	2.06,	8.12,	94.48,	2.81,	2.21,	56.0,	2.65,	2.59,	21.5,	43.0,	35.5,	-1;
CAPUTI_LUCA,	7,	77:29,	0,	0,	0,	8,	13,	15,	0.0,	0.0,	0.00,	1.55,	0.00,	95.24,	2.43,	2.95,	45.2,	2.61,	2.57,	44.6,	30.8,	24.6,	-1;
CARCILLO_DAN,	57,	441:38,	4,	2,	1,	56,	66,	86,	57.1,	28.6,	0.95,	2.99,	3.55,	90.22,	2.80,	2.70,	50.9,	2.56,	2.59,	22.5,	31.5,	46.1,	-1;
CARON_JORDAN,	23,	291:27,	3,	4,	1,	27,	38,	49,	30.0,	40.0,	2.06,	2.47,	8.33,	93.02,	2.94,	2.40,	55.0,	2.71,	2.52,	25.0,	42.1,	32.9,	-1;
CARTER_JEFF,	80,	1457:15,	36,	30,	14,	335,	449,	569,	37.9,	31.6,	3.91,	1.85,	10.35,	93.21,	2.89,	2.83,	50.5,	2.66,	2.58,	36.8,	31.8,	31.3,	-1;
CARTER_RYAN,	62,	621:12,	3,	6,	3,	63,	90,	113,	20.0,	40.0,	1.45,	2.61,	5.49,	92.68,	2.17,	2.72,	44.4,	2.61,	2.58,	27.4,	38.3,	34.3,	-1;
CHIMERA_JASON,	80,	1060:18,	10,	16,	9,	160,	213,	254,	26.3,	42.1,	2.15,	2.77,	7.35,	90.74,	2.67,	2.16,	55.3,	2.65,	2.62,	33.8,	27.1,	39.1,	-1;
CHIPCHURA_KYLE,	40,	319:45,	0,	2,	2,	23,	30,	34,	0.0,	33.3,	1.13,	2.06,	4.51,	93.96,	1.81,	2.73,	39.9,	2.58,	2.56,	34.7,	30.1,	35.3,	-1;
CHRISTENSEN_ERIK,	63,	803:50,	11,	16,	14,	86,	127,	166,	30.6,	44.4,	2.69,	1.79,	9.55,	93.75,	2.76,	2.30,	54.5,	2.56,	2.68,	41.1,	24.5,	34.4,	-1;
CLARK_CHRIS,	53,	776:03,	5,	10,	6,	83,	110,	137,	21.7,	43.5,	1.78,	2.55,	7.82,	92.24,	2.17,	3.13,	40.9,	2.81,	2.59,	20.9,	41.1,	38.0,	-1;
CLARKSON_DAVID,	82,	1116:58,	12,	6,	3,	192,	253,	297,	37.5,	18.8,	1.72,	2.04,	5.70,	91.28,	1.95,	2.48,	44.0,	2.58,	2.62,	35.6,	26.5,	37.9,	-1;
CLEARY_DAN,	68,	1131:15,	26,	20,	15,	192,	265,	312,	41.9,	32.3,	3.29,	2.86,	9.51,	90.80,	3.19,	2.68,	54.3,	2.75,	2.55,	34.7,	28.7,	36.6,	-1;
CLIFFORD_KYLE,	76,	722:21,	7,	7,	5,	69,	97,	130,	35.0,	35.0,	1.66,	2.49,	6.83,	91.07,	2.28,	2.33,	49.4,	2.62,	2.60,	33.2,	29.2,	37.6,	-1;
CLOWE_RYANE,	75,	1347:05,	24,	38,	25,	185,	230,	286,	32.0,	50.7,	3.34,	1.96,	8.24,	92.03,	2.74,	2.50,	52.3,	2.70,	2.62,	39.7,	27.8,	32.5,	-1;
CLUTTERBUCK_CAL,	76,	1204:25,	19,	15,	11,	191,	269,	333,	38.8,	30.6,	2.44,	2.49,	8.61,	91.76,	2.32,	2.80,	45.3,	2.79,	2.64,	30.4,	31.7,	37.9,	-1;
COGLIANO_ANDREW,	82,	1414:27,	11,	24,	20,	128,	172,	233,	22.4,	49.0,	2.08,	3.35,	8.10,	89.97,	2.31,	2.94,	44.0,	2.81,	2.60,	25.3,	38.8,	35.8,	-1;
COLE_ERIK,	81,	1498:02,	26,	26,	15,	199,	273,	363,	32.1,	32.1,	3.24,	2.84,	10.10,	91.45,	3.14,	2.69,	53.9,	2.67,	2.57,	35.5,	31.1,	33.4,	-1;
COLLITON_JEREMY,	15,	178:19,	2,	1,	1,	7,	13,	20,	33.3,	16.7,	2.02,	4.37,	8.57,	86.87,	2.45,	3.07,	44.4,	2.69,	2.62,	25.4,	39.9,	34.7,	-1;
COMEAU_BLAKE,	77,	1439:14,	24,	22,	16,	182,	253,	360,	40.0,	36.7,	2.50,	3.13,	9.36,	89.04,	2.56,	3.05,	45.6,	2.67,	2.56,	31.7,	34.2,	34.1,	-1;
COMRIE_MIKE,	21,	248:16,	1,	5,	3,	25,	29,	39,	12.5,	62.5,	1.93,	2.17,	6.20,	90.91,	2.94,	2.32,	56.0,	2.51,	2.65,	46.2,	21.6,	32.2,	-1;
CONDRA_ERIK,	26,	412:35,	6,	5,	5,	48,	63,	82,	46.2,	38.5,	1.89,	1.75,	5.96,	94.44,	2.30,	2.85,	44.6,	2.72,	2.52,	32.7,	26.0,	41.3,	-1;
CONNER_CHRIS,	60,	709:04,	6,	8,	4,	90,	121,	157,	23.1,	30.8,	2.20,	1.78,	7.03,	93.05,	2.53,	2.40,	51.3,	2.62,	2.59,	35.7,	25.1,	39.2,	-1;
CONNOLLY_TIM,	68,	1149:22,	13,	29,	13,	151,	199,	273,	21.3,	47.5,	3.18,	3.03,	9.36,	89.30,	3.10,	2.64,	54.0,	2.68,	2.58,	41.1,	27.9,	31.0,	-1;
CONROY_CRAIG,	18,	167:26,	2,	0,	0,	11,	16,	20,	66.7,	0.0,	1.07,	3.94,	4.48,	89.42,	2.66,	2.60,	50.6,	2.66,	2.69,	24.3,	47.1,	28.6,	-1;
COOKE_MATT,	67,	1047:35,	12,	18,	8,	95,	135,	166,	26.7,	40.0,	2.58,	2.35,	9.53,	92.45,	2.68,	2.37,	53.1,	2.80,	2.59,	26.6,	37.1,	36.3,	-1;
CORMIER_PATRICE,	21,	202:32,	1,	1,	1,	27,	37,	38,	33.3,	33.3,	0.89,	2.67,	3.30,	92.11,	2.40,	3.00,	44.5,	2.64,	2.57,	30.7,	32.4,	36.9,	-1;
COUTURE_LOGAN,	79,	1408:02,	32,	24,	16,	253,	347,	431,	45.7,	34.3,	2.98,	1.71,	7.89,	93.22,	2.97,	2.69,	52.5,	2.75,	2.61,	38.3,	29.6,	32.1,	-1;
CRABB_JOEY,	48,	623:01,	3,	12,	9,	51,	72,	90,	10.3,	41.4,	2.79,	2.89,	10.00,	91.23,	2.47,	2.87,	46.2,	2.69,	2.60,	27.6,	36.7,	35.7,	-1;
CRACKNELL_ADAM,	24,	214:10,	3,	4,	3,	26,	38,	47,	30.0,	40.0,	2.80,	2.52,	10.99,	90.43,	2.36,	2.66,	47.0,	2.56,	2.64,	37.6,	24.9,	37.6,	-1;
CROMBEEN_BJ,	80,	1023:48,	7,	7,	1,	113,	159,	210,	25.9,	25.9,	1.58,	3.46,	6.44,	89.31,	2.77,	2.66,	51.0,	2.77,	2.59,	24.1,	39.1,	36.8,	-1;
CROSBY_SIDNEY,	41,	898:37,	32,	34,	20,	160,	218,	277,	41.0,	43.6,	5.21,	2.20,	13.15,	91.25,	2.35,	2.34,	50.1,	2.68,	2.66,	41.0,	29.1,	29.9,	-1;
CULLEN_MATT,	78,	1406:08,	12,	27,	17,	150,	208,	287,	17.6,	39.7,	2.90,	2.60,	10.35,	91.61,	2.35,	2.68,	46.7,	2.79,	2.63,	35.1,	39.5,	25.4,	-1;
DADONOV_EVGENY,	36,	513:05,	8,	9,	3,	60,	82,	101,	38.1,	42.9,	2.46,	2.34,	7.66,	91.56,	2.29,	2.60,	46.8,	2.71,	2.52,	33.3,	30.6,	36.1,	-1;
DALPE_ZAC,	14,	114:52,	3,	1,	0,	16,	22,	28,	50.0,	16.7,	3.13,	3.13,	10.53,	92.86,	2.37,	2.72,	46.6,	2.46,	2.50,	29.9,	31.0,	39.1,	-1;
DARCHE_MATHIEU,	59,	664:44,	11,	14,	11,	89,	124,	153,	26.8,	34.1,	3.70,	1.80,	10.49,	92.59,	2.30,	2.56,	47.4,	2.60,	2.59,	39.7,	25.7,	34.6,	-1;
DATSYUK_PAVEL,	56,	1082:04,	23,	36,	23,	137,	191,	257,	30.3,	47.4,	4.21,	2.50,	11.33,	90.26,	3.10,	2.81,	52.4,	2.79,	2.61,	37.4,	29.4,	33.2,	-1;
DAWES_NIGEL,	13,	127:37,	0,	1,	0,	12,	15,	20,	0.0,	50.0,	0.94,	3.76,	3.17,	88.06,	2.31,	3.05,	43.1,	2.71,	2.48,	34.3,	34.3,	31.3,	-1;
DESBIENS_GUILLAUME,	12,	88:16,	0,	0,	0,	4,	9,	12,	0.0,	0.0,	0.00,	2.04,	0.00,	94.44,	2.50,	2.77,	47.4,	2.40,	2.60,	19.3,	26.3,	54.4,	-1;
DESHARNAIS_DAVID,	43,	553:26,	8,	14,	6,	55,	65,	82,	26.7,	46.7,	3.25,	2.60,	10.03,	90.32,	2.49,	2.23,	52.8,	2.58,	2.54,	35.2,	29.2,	35.6,	-1;
DESJARDINS_ANDREW,	17,	121:23,	1,	2,	1,	12,	15,	23,	20.0,	40.0,	2.47,	2.97,	7.25,	88.89,	2.40,	2.29,	51.1,	2.37,	2.52,	32.1,	24.5,	43.4,	-1;
DIBENEDETTO_JUSTIN,	8,	72:31,	0,	1,	0,	6,	7,	10,	0.0,	50.0,	1.66,	3.31,	6.25,	86.67,	2.21,	3.13,	41.4,	2.44,	2.44,	32.9,	35.7,	31.4,	-1;
DOAN_SHANE,	72,	1388:56,	20,	40,	26,	220,	311,	401,	24.4,	48.8,	3.54,	2.20,	10.26,	91.57,	2.52,	2.69,	48.4,	2.73,	2.63,	43.3,	27.9,	28.7,	-1;
DORSETT_DEREK,	76,	1003:50,	4,	13,	8,	112,	151,	195,	17.4,	56.5,	1.38,	2.69,	5.90,	90.89,	2.41,	3.17,	43.1,	2.82,	2.57,	22.0,	34.8,	43.2,	-1;
DOWELL_JAKE,	79,	933:10,	6,	15,	10,	74,	89,	107,	18.2,	45.5,	2.12,	2.57,	7.59,	91.38,	2.78,	2.67,	51.0,	2.65,	2.62,	24.8,	40.9,	34.4,	-1;
DOWNIE_STEVE,	57,	827:30,	10,	22,	14,	83,	114,	140,	19.2,	42.3,	3.77,	2.25,	11.38,	90.80,	3.26,	2.77,	54.0,	2.61,	2.60,	36.4,	26.0,	37.6,	-1;
DRAPER_KRIS,	47,	491:09,	6,	5,	1,	57,	75,	89,	27.3,	22.7,	2.69,	3.18,	8.09,	90.26,	2.54,	2.92,	46.5,	2.60,	2.51,	26.5,	42.6,	30.9,	-1;
DRURY_CHRIS,	24,	288:23,	1,	4,	2,	26,	43,	55,	10.0,	40.0,	2.08,	2.50,	8.13,	93.22,	2.42,	2.17,	52.8,	2.71,	2.55,	23.2,	53.7,	23.2,	-1;
DUBINSKY_BRANDON,	77,	1556:28,	24,	30,	19,	202,	272,	343,	28.9,	36.1,	3.20,	3.20,	10.16,	89.21,	2.72,	2.08,	56.6,	2.77,	2.60,	34.5,	35.7,	29.9,	-1;
DUCHENE_MATT,	80,	1515:35,	27,	40,	23,	202,	287,	356,	28.1,	41.7,	3.80,	3.13,	11.24,	89.03,	2.50,	3.16,	44.2,	2.70,	2.60,	41.8,	23.4,	34.8,	-1;
DUMONT_J.P.,	70,	782:48,	10,	9,	3,	89,	114,	148,	32.3,	29.0,	2.38,	1.61,	7.38,	93.88,	2.53,	2.33,	52.1,	2.58,	2.63,	45.8,	20.1,	34.2,	-1;
DUPUIS_PASCAL,	81,	1365:39,	17,	20,	13,	171,	231,	286,	29.3,	34.5,	2.55,	2.42,	8.96,	92.73,	2.97,	2.28,	56.6,	2.77,	2.61,	26.7,	35.0,	38.3,	-1;
DUPUIS_PHILIPPE,	74,	674:22,	6,	11,	7,	101,	133,	155,	25.0,	45.8,	2.13,	3.83,	8.54,	88.80,	2.50,	3.06,	44.9,	2.65,	2.55,	21.2,	45.6,	33.2,	-1;
DVORAK_RADEK,	66,	1061:05,	6,	15,	9,	108,	138,	166,	19.4,	48.4,	1.75,	2.38,	7.05,	92.80,	2.48,	2.77,	47.3,	2.74,	2.58,	22.4,	42.1,	35.5,	-1;
DWYER_PATRICK,	79,	995:21,	8,	10,	5,	102,	139,	179,	29.6,	37.0,	1.63,	2.95,	6.96,	91.69,	2.84,	2.59,	52.3,	2.69,	2.54,	24.1,	40.9,	35.0,	-1;
D_AGOSTINI_MATT,	82,	1210:15,	21,	25,	16,	163,	223,	286,	28.8,	34.2,	3.62,	2.23,	11.37,	91.26,	2.59,	2.87,	47.4,	2.72,	2.61,	35.9,	26.6,	37.5,	-1;
EAGER_BEN,	68,	723:29,	7,	10,	7,	84,	112,	137,	28.0,	40.0,	2.07,	1.74,	6.96,	94.53,	2.47,	2.89,	46.1,	2.57,	2.53,	30.0,	29.5,	40.5,	-1;
EAVES_PATRICK,	63,	799:55,	13,	7,	6,	108,	156,	201,	44.8,	24.1,	2.17,	3.45,	7.36,	90.27,	3.01,	2.77,	52.0,	2.68,	2.58,	26.9,	42.9,	30.2,	-1;
EBBETT_ANDREW,	33,	330:30,	2,	3,	1,	23,	32,	45,	25.0,	37.5,	1.45,	3.27,	5.26,	90.32,	2.87,	2.35,	55.0,	2.65,	2.58,	33.9,	35.7,	30.4,	-1;
EBERLE_JORDAN,	69,	1219:31,	18,	25,	17,	158,	209,	286,	33.3,	46.3,	2.66,	3.25,	9.12,	88.46,	2.26,	3.01,	42.9,	2.75,	2.65,	35.8,	29.0,	35.1,	-1;
ELIAS_PATRIK,	81,	1508:39,	21,	41,	21,	204,	262,	349,	27.3,	53.2,	3.06,	2.94,	9.42,	87.24,	1.62,	2.32,	41.1,	2.79,	2.59,	38.5,	32.2,	29.3,	-1;
ELLER_LARS,	77,	857:32,	7,	10,	7,	79,	127,	171,	25.0,	35.7,	1.96,	2.31,	6.86,	91.93,	2.62,	2.43,	51.9,	2.61,	2.59,	32.2,	29.1,	38.6,	-1;
ELLIS_MATT,	14,	140:37,	0,	0,	0,	20,	32,	39,	0.0,	0.0,	0.00,	1.71,	0.00,	92.73,	2.65,	2.58,	50.7,	2.57,	2.60,	35.3,	29.3,	35.3,	-1;
ENNIS_TYLER,	82,	1285:06,	20,	29,	19,	210,	277,	340,	26.7,	38.7,	3.50,	2.43,	10.08,	91.36,	2.90,	2.81,	50.8,	2.63,	2.60,	40.5,	25.0,	34.5,	-1;
ERAT_MARTIN,	64,	1157:53,	17,	33,	19,	135,	175,	242,	26.2,	50.8,	3.37,	1.71,	10.05,	94.13,	2.56,	2.44,	51.1,	2.84,	2.66,	34.1,	29.4,	36.5,	-1;
ERIKSSON_LOUI,	79,	1624:57,	26,	46,	27,	177,	242,	283,	27.7,	48.9,	3.47,	2.10,	11.16,	92.74,	2.76,	2.93,	48.5,	2.73,	2.63,	43.7,	25.5,	30.8,	-1;
FEDOTENKO_RUSLAN,	66,	989:14,	10,	15,	11,	120,	162,	214,	25.0,	37.5,	2.43,	1.82,	8.97,	93.64,	2.50,	2.57,	49.4,	2.72,	2.63,	24.1,	34.4,	41.4,	-1;
FEHR_ERIC,	51,	643:21,	10,	10,	7,	119,	166,	207,	33.3,	33.3,	2.80,	1.68,	7.87,	92.89,	2.54,	2.46,	50.8,	2.63,	2.63,	40.3,	25.0,	34.7,	-1;
FERRIERO_BENN,	33,	431:54,	5,	4,	3,	56,	81,	111,	25.0,	20.0,	2.78,	1.39,	8.06,	94.25,	2.69,	2.35,	53.4,	2.65,	2.59,	33.7,	26.6,	39.6,	-1;
FIDDLER_VERNON,	71,	1103:37,	6,	16,	11,	97,	127,	163,	16.7,	44.4,	1.96,	3.32,	8.11,	91.52,	2.86,	2.48,	53.6,	2.84,	2.59,	18.4,	49.0,	32.7,	-1;
FILATOV_NIKITA,	23,	283:18,	0,	7,	4,	31,	40,	61,	0.0,	100.0,	1.48,	0.42,	4.86,	97.94,	2.76,	3.12,	46.9,	2.60,	2.65,	45.0,	26.0,	29.1,	-1;
FILPPULA_VALTTERI,	71,	1187:00,	16,	23,	12,	115,	164,	228,	26.7,	38.3,	3.03,	2.63,	9.35,	90.85,	3.14,	2.77,	53.2,	2.69,	2.62,	37.6,	30.1,	32.3,	-1;
FISHER_MIKE,	82,	1506:00,	18,	17,	13,	191,	253,	314,	26.1,	24.6,	2.75,	3.03,	9.61,	90.32,	2.54,	2.70,	48.4,	2.80,	2.62,	36.7,	31.2,	32.1,	-1;
FLEISCHMANN_TOMAS,	44,	723:28,	12,	19,	16,	96,	120,	165,	29.3,	46.3,	3.40,	2.40,	9.95,	91.24,	2.86,	2.72,	51.3,	2.69,	2.64,	39.9,	24.2,	35.9,	-1;
FOLIGNO_NICK,	82,	1277:19,	14,	20,	11,	148,	180,	218,	28.6,	40.8,	2.30,	2.54,	7.73,	90.82,	2.30,	3.00,	43.4,	2.68,	2.58,	39.5,	25.6,	34.9,	-1;
FRANZEN_JOHAN,	76,	1324:58,	28,	27,	17,	248,	341,	410,	32.2,	31.0,	3.94,	2.31,	10.70,	91.54,	3.07,	2.90,	51.4,	2.74,	2.63,	40.1,	26.7,	33.1,	-1;
FRASER_COLIN,	67,	688:29,	3,	2,	2,	57,	69,	91,	21.4,	14.3,	1.22,	3.14,	6.28,	91.22,	2.16,	2.89,	42.7,	2.75,	2.59,	24.1,	46.6,	29.2,	-1;
FROLIK_MICHAEL,	80,	1246:53,	11,	27,	14,	251,	318,	409,	21.6,	52.9,	2.45,	2.02,	6.90,	92.47,	2.65,	2.64,	50.1,	2.73,	2.60,	34.0,	29.1,	36.9,	-1;
FROLOV_ALEX,	43,	620:20,	7,	9,	5,	78,	102,	125,	25.9,	33.3,	2.61,	1.55,	8.33,	94.33,	2.65,	2.41,	52.4,	2.60,	2.72,	38.4,	26.2,	35.4,	-1;
GABORIK_MARIAN,	62,	1121:14,	22,	26,	15,	190,	255,	322,	33.8,	40.0,	3.48,	1.82,	10.52,	93.09,	2.55,	2.34,	52.1,	2.60,	2.62,	47.2,	18.4,	34.4,	-1;
GAGNE_SIMON,	63,	1063:59,	17,	23,	12,	154,	215,	281,	27.4,	37.1,	3.50,	2.76,	9.86,	89.92,	3.09,	2.57,	54.6,	2.60,	2.61,	39.7,	27.1,	33.2,	-1;
GAGNER_SAM,	68,	1206:59,	15,	27,	17,	138,	191,	242,	24.2,	43.5,	3.08,	3.43,	9.84,	87.57,	2.32,	2.80,	45.3,	2.71,	2.63,	40.4,	27.0,	32.6,	-1;
GAGNON_AARON,	19,	153:12,	0,	2,	0,	9,	19,	26,	0.0,	66.7,	1.18,	3.52,	5.77,	89.02,	1.96,	2.82,	41.0,	2.78,	2.51,	27.4,	30.1,	42.5,	-1;
GALIARDI_T.J.,	35,	566:49,	7,	8,	4,	62,	86,	110,	33.3,	38.1,	2.22,	3.92,	8.08,	88.33,	2.83,	3.14,	47.4,	2.82,	2.56,	29.0,	33.5,	37.5,	-1;
GAUSTAD_PAUL,	81,	1225:48,	12,	19,	12,	117,	153,	191,	26.1,	41.3,	2.25,	2.54,	7.90,	91.32,	2.68,	2.75,	49.4,	2.71,	2.59,	24.5,	44.3,	31.2,	-1;
GEOFFRION_BLAKE,	20,	165:29,	6,	2,	0,	24,	26,	35,	66.7,	22.2,	3.26,	2.17,	11.84,	92.68,	2.52,	2.07,	54.9,	2.46,	2.66,	39.7,	27.8,	32.5,	-1;
GERBE_NATHAN,	64,	853:19,	16,	15,	8,	171,	217,	263,	36.4,	34.1,	3.09,	1.83,	8.48,	92.46,	2.63,	2.85,	48.0,	2.60,	2.63,	35.5,	29.3,	35.2,	-1;
GETZLAF_RYAN,	67,	1464:09,	19,	57,	27,	117,	182,	236,	17.1,	51.4,	4.55,	2.38,	13.21,	91.06,	2.88,	3.25,	47.0,	2.82,	2.60,	39.2,	28.0,	32.8,	-1;
GILLIES_COLTON,	7,	72:34,	1,	0,	0,	3,	7,	8,	100.0,	0.0,	0.83,	2.48,	4.35,	88.00,	2.34,	2.79,	45.6,	2.75,	2.53,	21.6,	33.3,	45.1,	-1;
GILLIES_TREVOR,	39,	119:41,	2,	0,	0,	9,	13,	17,	40.0,	0.0,	2.51,	4.01,	12.20,	90.70,	2.14,	3.28,	39.5,	2.46,	2.54,	31.1,	33.6,	35.3,	-1;
GIONTA_BRIAN,	82,	1608:45,	29,	17,	14,	298,	409,	521,	37.2,	21.8,	2.91,	2.31,	7.89,	91.64,	2.40,	2.51,	48.9,	2.76,	2.60,	37.2,	27.5,	35.3,	-1;
GIONTA_STEPHEN,	12,	108:04,	0,	0,	0,	13,	20,	25,	0.0,	0.0,	0.00,	3.33,	0.00,	89.83,	1.66,	2.51,	39.9,	2.64,	2.55,	23.3,	32.6,	44.2,	-1;
GIROUX_ALEXANDRE,	8,	118:04,	1,	1,	0,	13,	17,	25,	25.0,	25.0,	2.03,	2.54,	6.67,	90.38,	2.11,	3.04,	41.0,	2.69,	2.65,	38.3,	24.2,	37.5,	-1;
GIROUX_CLAUDE,	82,	1590:41,	25,	51,	34,	169,	233,	303,	25.0,	51.0,	3.77,	2.60,	10.86,	90.65,	2.93,	2.44,	54.6,	2.69,	2.58,	38.4,	29.2,	32.4,	-1;
GLASS_TANNER,	73,	651:13,	3,	7,	7,	45,	69,	88,	20.0,	46.7,	1.38,	2.86,	6.55,	91.64,	2.72,	2.12,	56.2,	2.59,	2.62,	20.9,	30.7,	48.4,	-1;
GLENCROSS_CURTIS,	79,	1283:22,	24,	19,	12,	149,	206,	252,	39.3,	31.1,	2.85,	3.13,	10.25,	89.19,	2.84,	2.56,	52.6,	2.79,	2.62,	30.2,	36.2,	33.6,	-1;
GOC_MARCEL,	51,	817:59,	9,	15,	4,	111,	142,	178,	20.9,	34.9,	3.15,	2.35,	10.86,	92.14,	2.77,	2.16,	56.2,	2.74,	2.64,	29.0,	34.3,	36.8,	-1;
GODARD_ERIC,	19,	98:18,	0,	3,	3,	1,	2,	3,	0.0,	60.0,	3.05,	0.61,	14.71,	97.14,	2.31,	2.51,	47.9,	2.53,	2.74,	37.3,	37.3,	25.3,	-1;
GOMEZ_SCOTT,	80,	1485:05,	7,	31,	20,	157,	214,	276,	11.7,	51.7,	2.42,	2.22,	6.55,	92.14,	2.83,	2.49,	53.1,	2.69,	2.60,	40.7,	24.7,	34.6,	-1;
GORDON_ANDREW,	9,	78:02,	1,	1,	1,	5,	12,	17,	25.0,	25.0,	3.08,	3.85,	12.50,	83.33,	2.32,	2.41,	49.1,	2.46,	2.48,	25.0,	26.5,	48.5,	-1;
GORDON_BOYD,	60,	782:50,	3,	6,	4,	77,	101,	129,	15.8,	31.6,	1.46,	2.91,	6.81,	90.31,	2.40,	2.41,	50.0,	2.76,	2.60,	20.1,	55.4,	24.5,	-1;
GRABNER_MICHAEL,	76,	1146:19,	34,	18,	12,	227,	282,	333,	53.1,	28.1,	3.35,	2.56,	10.63,	91.54,	2.51,	3.13,	44.5,	2.73,	2.55,	27.5,	32.8,	39.7,	-1;
GRABOVSKI_MIKHAIL,	81,	1568:16,	29,	29,	19,	237,	342,	426,	31.2,	31.2,	3.56,	2.22,	10.26,	91.46,	1.71,	3.51,	32.8,	2.71,	2.58,	37.0,	27.0,	36.0,	-1;
GRACHEV_EVGENY,	8,	61:37,	0,	0,	0,	3,	4,	6,	0.0,	0.0,	0.00,	2.92,	0.00,	90.32,	2.43,	2.14,	53.2,	2.35,	2.52,	39.3,	21.4,	39.3,	-1;
GREEN_JOSH,	12,	120:06,	0,	0,	0,	10,	17,	20,	0.0,	0.0,	0.50,	3.00,	1.89,	91.18,	1.92,	2.59,	42.5,	2.49,	2.58,	29.7,	23.7,	46.6,	-1;
GREENING_COLIN,	24,	362:05,	6,	7,	3,	57,	75,	91,	33.3,	38.9,	2.98,	2.65,	8.49,	92.45,	2.42,	3.03,	44.4,	2.64,	2.52,	30.3,	32.5,	37.2,	-1;
GRIER_MIKE,	73,	1050:39,	5,	11,	5,	107,	140,	165,	17.2,	37.9,	1.66,	2.85,	6.87,	91.48,	2.71,	2.63,	50.7,	2.72,	2.58,	21.0,	45.0,	33.9,	-1;
HAGMAN_NIKLAS,	71,	968:24,	11,	16,	12,	140,	194,	255,	25.0,	36.4,	2.73,	2.11,	8.48,	91.83,	2.90,	2.82,	50.6,	2.66,	2.63,	36.2,	26.4,	37.5,	-1;
HALEY_MICHEAL,	27,	216:44,	2,	1,	1,	13,	18,	24,	33.3,	16.7,	1.66,	2.77,	8.22,	90.91,	2.29,	3.29,	41.0,	2.56,	2.50,	31.5,	32.5,	36.0,	-1;
HALISCHUK_MATT,	27,	273:26,	4,	8,	3,	29,	43,	55,	28.6,	57.1,	3.07,	1.98,	11.97,	93.92,	2.20,	2.29,	48.9,	2.69,	2.67,	39.2,	27.5,	33.3,	-1;
HALL_ADAM,	82,	1217:39,	7,	11,	7,	167,	220,	248,	25.0,	39.3,	1.38,	3.06,	5.57,	89.65,	2.62,	2.65,	49.7,	2.79,	2.56,	18.0,	43.6,	38.4,	-1;
HALL_TAYLOR,	65,	1183:38,	22,	20,	9,	186,	262,	363,	37.9,	34.5,	2.94,	2.69,	9.81,	90.38,	2.23,	3.35,	39.9,	2.75,	2.64,	38.3,	23.3,	38.3,	-1;
HALPERN_JEFF,	72,	916:43,	11,	15,	10,	62,	82,	111,	32.4,	44.1,	2.23,	2.75,	9.60,	92.12,	2.35,	2.35,	50.0,	2.78,	2.57,	24.0,	45.1,	30.9,	-1;
HANDZUS_MICHAL,	82,	1422:20,	12,	18,	10,	94,	143,	175,	22.2,	33.3,	2.28,	2.40,	8.90,	91.77,	2.46,	2.32,	51.5,	2.82,	2.65,	30.3,	42.4,	27.4,	-1;
HANSEN_JANNIK,	82,	1206:22,	9,	20,	17,	113,	148,	185,	22.0,	48.8,	2.04,	1.84,	7.85,	94.14,	3.06,	2.32,	56.9,	2.76,	2.65,	17.5,	43.5,	38.9,	-1;
HANZAL_MARTIN,	61,	1189:39,	16,	10,	5,	149,	219,	265,	27.6,	17.2,	2.92,	2.32,	8.61,	92.48,	3.07,	2.50,	55.2,	2.81,	2.61,	36.4,	33.1,	30.5,	-1;
HARJU_JOHAN,	10,	84:44,	1,	2,	2,	14,	18,	22,	25.0,	50.0,	2.83,	4.96,	10.53,	74.07,	2.69,	2.85,	48.5,	2.67,	2.68,	45.7,	24.3,	30.0,	-1;
HARTIKAINEN_TEEMU,	12,	208:54,	3,	2,	1,	21,	29,	36,	37.5,	25.0,	2.30,	1.72,	7.62,	92.94,	1.97,	3.27,	37.6,	2.61,	2.62,	40.7,	27.5,	31.9,	-1;
HARTNELL_SCOTT,	82,	1360:36,	24,	25,	14,	176,	241,	290,	28.6,	29.8,	3.70,	2.29,	10.73,	91.41,	3.48,	2.42,	59.0,	2.55,	2.58,	41.6,	24.4,	34.0,	-1;
HAVLAT_MARTIN,	78,	1431:19,	22,	40,	28,	229,	303,	369,	27.8,	50.6,	3.31,	2.93,	9.97,	89.77,	2.18,	2.62,	45.4,	2.72,	2.64,	41.3,	27.4,	31.2,	-1;
HEATLEY_DANY,	80,	1572:07,	26,	38,	25,	217,	316,	404,	23.9,	34.9,	4.16,	2.25,	11.00,	91.64,	2.60,	2.63,	49.7,	2.76,	2.61,	43.0,	23.9,	33.1,	-1;
HECHT_JOCHEN,	67,	1144:18,	12,	17,	13,	172,	239,	277,	21.1,	29.8,	2.99,	3.30,	8.48,	88.83,	3.05,	2.47,	55.2,	2.71,	2.61,	34.3,	27.8,	37.9,	-1;
HEJDUK_MILAN,	71,	1272:30,	22,	34,	18,	170,	212,	254,	29.3,	45.3,	3.54,	3.16,	10.43,	88.43,	2.78,	3.16,	46.8,	2.73,	2.62,	43.9,	24.3,	31.8,	-1;
HELM_DARREN,	82,	1090:50,	12,	20,	12,	177,	235,	289,	27.3,	45.5,	2.42,	3.41,	8.26,	90.11,	2.58,	2.77,	48.2,	2.68,	2.57,	24.5,	47.1,	28.4,	-1;
HEMSKY_ALES,	47,	856:58,	14,	28,	21,	100,	137,	183,	28.6,	57.1,	3.43,	2.80,	11.56,	90.43,	2.32,	3.20,	42.0,	2.77,	2.63,	39.0,	24.1,	36.9,	-1;
HENDRICKS_MATT,	76,	866:01,	8,	16,	8,	110,	148,	185,	25.0,	50.0,	2.22,	2.98,	8.23,	89.41,	2.18,	2.32,	48.4,	2.72,	2.60,	31.8,	31.0,	37.2,	-1;
HENSICK_T.J.,	13,	118:05,	1,	2,	2,	12,	18,	22,	14.3,	28.6,	3.56,	5.59,	10.61,	78.85,	2.84,	2.52,	53.0,	2.61,	2.63,	46.0,	16.0,	38.0,	-1;
HIGGINS_CHRIS,	62,	1010:32,	13,	15,	10,	160,	207,	257,	34.2,	39.5,	2.26,	2.26,	7.14,	92.48,	2.49,	2.54,	49.5,	2.80,	2.63,	30.6,	34.3,	35.1,	-1;
HODGSON_CODY,	8,	61:56,	1,	1,	0,	9,	12,	17,	50.0,	50.0,	1.94,	0.97,	6.67,	96.43,	2.42,	2.10,	53.6,	2.61,	2.59,	30.5,	35.6,	33.9,	-1;
HOLMSTROM_TOMAS,	73,	1080:34,	18,	19,	11,	125,	174,	200,	25.7,	27.1,	3.89,	2.11,	10.22,	91.38,	3.22,	2.96,	52.1,	2.69,	2.62,	46.5,	23.1,	30.4,	-1;
HORCOFF_SHAWN,	47,	878:13,	9,	18,	15,	78,	107,	141,	23.1,	46.2,	2.66,	3.14,	9.73,	89.87,	2.47,	3.08,	44.6,	2.79,	2.63,	34.3,	30.2,	35.5,	-1;
HORDICHUK_DARCY,	64,	324:24,	1,	4,	1,	32,	44,	60,	11.1,	44.4,	1.67,	1.85,	6.21,	92.81,	2.04,	2.67,	43.3,	2.51,	2.56,	35.6,	30.1,	34.3,	-1;
HORNQVIST_PATRIC,	79,	1242:19,	21,	27,	17,	265,	330,	391,	30.4,	39.1,	3.33,	1.74,	9.34,	92.76,	2.55,	2.41,	51.4,	2.70,	2.68,	45.8,	22.7,	31.6,	-1;
HORTON_NATHAN,	80,	1302:55,	26,	27,	14,	188,	262,	334,	31.0,	32.1,	3.87,	1.89,	10.28,	93.19,	2.69,	2.37,	53.2,	2.69,	2.61,	39.1,	24.4,	36.5,	-1;
HOSSA_MARIAN,	65,	1280:56,	24,	32,	15,	204,	253,	317,	32.0,	42.7,	3.51,	2.48,	10.40,	91.47,	3.06,	2.70,	53.1,	2.80,	2.62,	37.3,	30.6,	32.2,	-1;
HUDLER_JIRI,	73,	997:14,	10,	27,	18,	105,	142,	185,	20.0,	54.0,	3.01,	2.53,	8.28,	90.89,	3.25,	2.78,	54.0,	2.67,	2.62,	43.6,	22.7,	33.7,	-1;
HUNTER_TRENT,	17,	215:14,	1,	3,	1,	30,	50,	68,	14.3,	42.9,	1.95,	2.23,	6.93,	92.38,	2.56,	3.03,	45.8,	2.69,	2.54,	28.8,	27.5,	43.7,	-1;
HUSELIUS_KRISTIAN,	39,	638:47,	14,	9,	5,	94,	139,	176,	50.0,	32.1,	2.63,	3.19,	7.39,	87.73,	2.83,	2.88,	49.6,	2.73,	2.63,	47.5,	18.5,	34.0,	-1;
IGINLA_JAROME,	82,	1716:40,	42,	43,	26,	287,	389,	516,	38.2,	39.1,	3.85,	2.48,	11.45,	89.72,	2.37,	3.17,	42.8,	2.75,	2.64,	42.2,	22.8,	35.0,	-1;
JACKMAN_TIM,	82,	805:34,	10,	13,	10,	131,	175,	225,	28.6,	37.1,	2.61,	1.64,	7.68,	92.74,	2.76,	2.93,	48.5,	2.51,	2.65,	41.4,	23.5,	35.1,	-1;
JACQUES_JEAN-FRANCOIS,	51,	360:41,	4,	1,	1,	28,	41,	49,	66.7,	16.7,	1.00,	2.00,	4.32,	92.98,	2.00,	3.16,	38.8,	2.57,	2.59,	31.0,	32.7,	36.3,	-1;
JANSSEN_CAM,	54,	263:27,	1,	3,	2,	16,	23,	28,	16.7,	50.0,	1.37,	2.73,	5.83,	90.08,	2.60,	2.79,	48.3,	2.40,	2.63,	42.7,	14.6,	42.7,	-1;
JEFFREY_DUSTIN,	25,	324:22,	7,	5,	5,	39,	51,	70,	46.7,	33.3,	2.77,	1.67,	8.52,	92.74,	2.63,	2.34,	52.9,	2.64,	2.61,	40.9,	25.8,	33.3,	-1;
JOENSUU_JESSE,	42,	486:11,	6,	3,	1,	41,	54,	74,	40.0,	20.0,	1.85,	2.59,	7.69,	92.13,	2.60,	3.20,	44.9,	2.62,	2.57,	27.7,	34.2,	38.1,	-1;
JOHANSSON_MARCUS,	69,	1015:54,	13,	14,	12,	102,	131,	177,	28.9,	31.1,	2.66,	2.36,	9.62,	92.20,	2.62,	2.27,	53.6,	2.73,	2.60,	35.4,	24.1,	40.5,	-1;
JOHNSON_NICK,	4,	66:57,	1,	2,	1,	10,	13,	14,	25.0,	50.0,	3.58,	2.69,	10.26,	89.29,	2.75,	2.25,	55.0,	2.72,	2.84,	39.0,	22.0,	39.0,	-1;
JOHNSON_RYAN,	34,	351:55,	1,	5,	0,	25,	30,	36,	9.1,	45.5,	1.88,	2.90,	7.38,	90.29,	2.77,	2.51,	52.5,	2.63,	2.59,	21.0,	54.8,	24.2,	-1;
JOKINEN_JUSSI,	69,	1184:27,	19,	33,	20,	136,	175,	221,	26.0,	45.2,	3.70,	2.53,	10.78,	91.20,	2.67,	2.82,	48.6,	2.68,	2.57,	40.4,	27.4,	32.2,	-1;
JOKINEN_OLLI,	79,	1404:23,	17,	37,	17,	208,	286,	368,	21.5,	46.8,	3.38,	2.61,	10.26,	89.75,	2.76,	2.76,	50.0,	2.75,	2.66,	40.0,	25.4,	34.6,	-1;
JONES_BLAIR,	18,	144:15,	1,	2,	2,	20,	23,	32,	25.0,	50.0,	1.66,	2.50,	5.71,	90.32,	2.62,	2.72,	49.1,	2.53,	2.53,	37.0,	19.3,	43.7,	-1;
JONES_DAVID,	77,	1361:04,	27,	18,	10,	153,	215,	267,	42.2,	28.1,	2.82,	3.04,	9.91,	90.11,	2.91,	3.31,	46.8,	2.76,	2.60,	36.5,	26.3,	37.2,	-1;
JONES_RYAN,	81,	1120:48,	18,	7,	3,	126,	167,	229,	48.6,	18.9,	1.98,	2.89,	8.98,	91.13,	2.10,	3.14,	40.1,	2.74,	2.59,	30.3,	34.0,	35.7,	-1;
JOSEFSON_JACOB,	28,	371:44,	3,	7,	5,	31,	44,	56,	21.4,	50.0,	2.26,	1.29,	7.82,	93.94,	2.05,	2.42,	45.9,	2.57,	2.61,	40.5,	22.6,	37.0,	-1;
KADRI_NAZEM,	29,	457:29,	3,	9,	5,	51,	72,	94,	18.8,	56.2,	2.10,	1.84,	6.56,	93.20,	2.59,	2.99,	46.5,	2.60,	2.55,	41.8,	24.3,	33.9,	-1;
KALETA_PATRICK,	51,	519:31,	4,	5,	3,	65,	76,	93,	25.0,	31.2,	1.85,	2.31,	6.30,	91.70,	2.72,	2.63,	50.8,	2.62,	2.61,	32.5,	32.2,	35.3,	-1;
KANE_EVANDER,	73,	1303:57,	18,	24,	18,	232,	299,	375,	29.0,	38.7,	2.85,	3.22,	8.88,	89.01,	2.63,	2.93,	47.3,	2.69,	2.59,	36.6,	25.7,	37.7,	-1;
KANE_PATRICK,	73,	1407:47,	27,	46,	24,	216,	287,	378,	27.6,	46.9,	4.18,	2.43,	10.96,	90.00,	2.75,	2.80,	49.5,	2.73,	2.64,	51.8,	15.5,	32.7,	-1;
KELLY_CHRIS,	81,	1248:51,	14,	13,	8,	113,	158,	215,	35.9,	33.3,	1.87,	3.31,	7.94,	89.47,	2.33,	2.62,	47.1,	2.72,	2.57,	24.1,	42.7,	33.2,	-1;
KENNEDY_TIM,	6,	62:17,	0,	1,	0,	2,	3,	3,	0.0,	100.0,	0.96,	0.96,	4.35,	96.77,	2.11,	2.58,	45.0,	2.67,	2.52,	28.0,	36.0,	36.0,	-1;
KENNEDY_TYLER,	80,	1162:17,	21,	24,	17,	234,	307,	402,	37.5,	42.9,	2.89,	1.91,	8.01,	92.23,	2.70,	2.43,	52.6,	2.69,	2.61,	35.7,	24.8,	39.5,	-1;
KESLER_RYAN,	82,	1679:22,	41,	32,	22,	260,	375,	496,	35.0,	27.4,	4.18,	2.14,	11.19,	92.29,	2.74,	2.08,	56.9,	2.74,	2.65,	40.3,	36.2,	23.5,	-1;
KESSEL_PHIL,	82,	1610:57,	32,	32,	23,	325,	434,	572,	38.6,	38.6,	3.09,	2.64,	9.39,	91.01,	2.16,	3.12,	40.9,	2.64,	2.60,	43.8,	25.3,	30.8,	-1;
KING_DJ,	16,	90:57,	0,	2,	0,	6,	6,	7,	0.0,	66.7,	1.98,	3.96,	8.57,	85.37,	2.06,	2.41,	46.1,	2.53,	2.58,	37.3,	26.5,	36.1,	-1;
KING_DWIGHT,	6,	70:20,	0,	0,	0,	3,	4,	4,	0.0,	0.0,	1.71,	3.41,	6.90,	86.67,	2.68,	2.28,	54.0,	2.63,	2.62,	30.6,	29.0,	40.3,	-1;
KNUBLE_MIKE,	78,	1396:48,	24,	14,	8,	200,	266,	306,	37.5,	21.9,	2.75,	1.93,	7.88,	93.30,	3.06,	2.37,	56.4,	2.71,	2.64,	37.2,	22.7,	40.2,	-1;
KOBASEW_CHUCK,	63,	745:50,	9,	7,	2,	74,	89,	124,	39.1,	30.4,	1.85,	2.25,	7.77,	92.84,	2.39,	2.74,	46.6,	2.70,	2.62,	25.0,	36.0,	39.1,	-1;
KOCI_DAVID,	35,	143:03,	1,	0,	0,	9,	10,	15,	33.3,	0.0,	1.26,	3.35,	5.56,	91.30,	2.47,	3.24,	43.2,	2.38,	2.62,	26.1,	30.4,	43.5,	-1;
KOIVU_MIKKO,	71,	1383:41,	16,	45,	21,	190,	257,	340,	20.5,	57.7,	3.38,	2.56,	11.49,	90.94,	1.86,	2.61,	41.7,	2.84,	2.62,	35.9,	34.1,	30.1,	-1;
KOIVU_SAKU,	75,	1435:12,	15,	30,	18,	104,	135,	189,	19.5,	39.0,	3.22,	2.97,	11.03,	91.09,	3.15,	2.49,	55.9,	2.81,	2.59,	29.4,	41.8,	28.7,	-1;
KONOPKA_ZENON,	82,	835:34,	2,	8,	3,	56,	69,	76,	9.5,	38.1,	1.51,	4.24,	7.84,	88.68,	2.64,	2.91,	47.5,	2.65,	2.54,	17.6,	58.7,	23.7,	-1;
KOPECKY_TOMAS,	81,	1240:56,	15,	27,	20,	178,	227,	295,	21.1,	38.0,	3.43,	2.90,	9.94,	88.35,	2.94,	2.50,	54.0,	2.61,	2.65,	45.7,	23.2,	31.1,	-1;
KOPITAR_ANZE,	75,	1619:03,	25,	48,	30,	233,	315,	410,	26.6,	51.1,	3.48,	2.15,	10.74,	91.57,	2.32,	2.43,	48.8,	2.84,	2.65,	36.8,	33.4,	29.9,	-1;
KORPIKOSKI_LAURI,	79,	1226:45,	19,	21,	13,	103,	147,	192,	32.2,	35.6,	2.89,	3.33,	11.97,	91.38,	2.57,	2.36,	52.1,	2.85,	2.57,	24.4,	46.2,	29.4,	-1;
KOSTITSYN_ANDREI,	81,	1286:58,	20,	25,	17,	196,	274,	363,	30.8,	38.5,	3.03,	1.91,	8.86,	93.43,	2.48,	2.62,	48.6,	2.68,	2.61,	39.2,	24.9,	35.9,	-1;
KOSTITSYN_SERGEI,	77,	1169:15,	23,	27,	9,	93,	132,	185,	31.9,	37.5,	3.69,	2.21,	12.24,	92.08,	2.46,	2.30,	51.7,	2.75,	2.66,	37.6,	26.5,	35.9,	-1;
KOSTOPOULOS_TOM,	75,	925:55,	8,	10,	6,	79,	110,	147,	23.5,	29.4,	2.20,	3.17,	7.87,	89.86,	2.87,	2.54,	53.0,	2.64,	2.58,	28.2,	35.2,	36.6,	-1;
KOTALIK_ALES,	26,	321:42,	4,	2,	1,	62,	86,	103,	36.4,	18.2,	2.05,	2.61,	6.32,	90.34,	2.94,	2.61,	53.0,	2.54,	2.73,	40.4,	26.6,	33.0,	-1;
KOVALCHUK_ILYA,	81,	1828:35,	31,	29,	19,	245,	349,	461,	39.2,	36.7,	2.59,	2.56,	8.08,	89.40,	1.93,	2.38,	44.8,	2.70,	2.63,	45.4,	21.5,	33.1,	-1;
KOVALEV_ALEX,	74,	1222:01,	16,	18,	12,	151,	212,	304,	31.4,	35.3,	2.50,	2.01,	7.74,	92.73,	2.47,	2.84,	46.5,	2.63,	2.62,	39.9,	23.6,	36.4,	-1;
KREJCI_DAVID,	75,	1414:14,	13,	49,	32,	157,	208,	266,	15.1,	57.0,	3.65,	1.95,	10.25,	93.15,	2.78,	2.32,	54.5,	2.72,	2.61,	38.5,	28.5,	33.0,	-1;
KRUGER_MARCUS,	7,	83:43,	0,	0,	0,	7,	10,	13,	0.0,	0.0,	0.00,	2.87,	0.00,	90.48,	3.08,	2.47,	55.5,	2.75,	2.59,	34.8,	37.9,	27.3,	-1;
KULEMIN_NIKOLAI,	82,	1420:35,	30,	27,	9,	173,	240,	314,	39.0,	35.1,	3.25,	2.45,	10.04,	90.95,	2.57,	2.90,	46.9,	2.71,	2.59,	37.3,	26.7,	36.0,	-1;
KUNITZ_CHRIS,	66,	1206:28,	23,	25,	14,	133,	200,	263,	28.4,	30.9,	4.03,	1.89,	10.67,	92.49,	2.89,	2.53,	53.3,	2.65,	2.64,	41.6,	22.0,	36.4,	-1;
LADD_ANDREW,	81,	1625:12,	29,	30,	16,	195,	259,	336,	31.2,	32.3,	3.43,	3.36,	9.42,	89.15,	2.46,	2.75,	47.2,	2.74,	2.57,	37.9,	32.8,	29.2,	-1;
LAICH_BROOKS,	81,	1494:03,	16,	32,	19,	203,	267,	349,	21.6,	43.2,	2.97,	1.89,	9.18,	93.22,	2.69,	2.42,	52.6,	2.74,	2.64,	39.3,	32.0,	28.7,	-1;
LANGENBRUNNER_JAMIE,	70,	1220:52,	9,	23,	13,	153,	215,	272,	17.6,	45.1,	2.51,	3.29,	8.33,	88.47,	2.44,	2.50,	49.4,	2.76,	2.59,	35.5,	29.1,	35.5,	-1;
LAPIERRE_MAXIM,	78,	906:53,	6,	6,	5,	129,	163,	197,	27.3,	27.3,	1.46,	2.78,	5.67,	91.57,	2.41,	2.46,	49.5,	2.63,	2.65,	26.4,	35.4,	38.2,	-1;
LAROSE_CHAD,	81,	1294:37,	16,	15,	8,	170,	245,	322,	38.1,	35.7,	1.95,	3.24,	6.76,	90.32,	3.23,	2.56,	55.8,	2.70,	2.58,	28.8,	33.6,	37.6,	-1;
LATENDRESSE_GUILLAUME,	11,	139:48,	3,	3,	3,	18,	26,	28,	30.0,	30.0,	4.29,	1.72,	14.93,	93.55,	2.36,	2.80,	45.8,	2.58,	2.68,	43.1,	29.3,	27.6,	-1;
LECAVALIER_VINCENT,	65,	1198:54,	24,	29,	20,	207,	272,	345,	32.4,	39.2,	3.70,	2.55,	10.04,	90.66,	2.99,	2.63,	53.2,	2.58,	2.62,	39.3,	27.0,	33.6,	-1;
LEGWAND_DAVID,	64,	1203:32,	17,	24,	11,	130,	170,	215,	30.4,	42.9,	2.79,	2.34,	9.36,	92.58,	2.51,	2.14,	53.9,	2.88,	2.64,	28.8,	37.9,	33.3,	-1;
LEINO_VILLE,	81,	1297:18,	19,	34,	18,	117,	153,	196,	25.0,	44.7,	3.52,	2.13,	10.15,	92.10,	3.67,	2.50,	59.5,	2.56,	2.58,	42.7,	18.9,	38.5,	-1;
LESSARD_FRANCIS,	24,	92:33,	0,	0,	0,	6,	10,	12,	0.0,	0.0,	0.65,	0.65,	2.56,	96.67,	1.95,	2.84,	40.7,	2.39,	2.49,	35.7,	17.1,	47.1,	-1;
LETESTU_MARK,	64,	912:10,	14,	13,	7,	128,	175,	232,	34.1,	31.7,	2.70,	1.78,	7.62,	91.87,	2.69,	2.36,	53.3,	2.59,	2.62,	41.7,	23.4,	34.9,	-1;
LEWIS_TREVOR,	72,	827:09,	3,	10,	4,	105,	155,	182,	18.8,	62.5,	1.16,	2.76,	5.78,	90.59,	2.45,	2.29,	51.7,	2.70,	2.63,	30.4,	30.4,	39.1,	-1;
LITTLE_BRYAN,	76,	1402:59,	18,	30,	16,	158,	211,	283,	21.4,	35.7,	3.59,	3.08,	10.62,	90.15,	2.37,	3.12,	43.2,	2.74,	2.55,	36.7,	30.7,	32.6,	-1;
LOKTIONOV_ANDREI,	19,	280:27,	4,	3,	3,	26,	42,	54,	30.8,	23.1,	2.78,	1.28,	9.85,	94.74,	2.78,	2.37,	54.0,	2.78,	2.65,	42.0,	23.3,	34.6,	-1;
LUCIC_MILAN,	79,	1309:49,	30,	32,	15,	173,	249,	340,	36.6,	39.0,	3.76,	1.70,	10.33,	93.93,	2.78,	2.56,	52.1,	2.69,	2.62,	40.4,	25.1,	34.4,	-1;
LUPUL_JOFFREY,	54,	843:38,	14,	17,	9,	129,	176,	221,	29.2,	35.4,	3.41,	2.63,	11.06,	91.72,	2.35,	2.83,	45.3,	2.66,	2.59,	41.8,	28.5,	29.7,	-1;
MACARTHUR_CLARKE,	82,	1403:24,	21,	41,	30,	154,	210,	292,	26.6,	51.9,	3.38,	2.48,	10.10,	90.57,	2.35,	2.96,	44.2,	2.69,	2.60,	37.1,	25.5,	37.5,	-1;
MACHACEK_SPENCER,	10,	76:48,	0,	0,	0,	7,	8,	11,	0.0,	0.0,	0.00,	1.56,	0.00,	93.94,	2.23,	2.93,	43.3,	2.42,	2.70,	41.7,	28.3,	30.0,	-1;
MACINTYRE_STEVE,	34,	120:12,	0,	1,	1,	6,	8,	10,	0.0,	50.0,	1.00,	1.50,	6.25,	95.00,	1.83,	3.09,	37.2,	2.49,	2.66,	34.0,	29.1,	36.9,	-1;
MACKENZIE_DEREK,	63,	683:21,	9,	14,	7,	76,	110,	144,	24.3,	37.8,	3.25,	2.81,	11.78,	90.70,	2.33,	2.91,	44.5,	2.69,	2.55,	37.0,	29.8,	33.2,	-1;
MACLEAN_BRETT,	13,	113:55,	2,	1,	0,	16,	22,	30,	33.3,	16.7,	3.16,	2.63,	11.54,	89.36,	2.83,	2.30,	55.1,	2.54,	2.45,	39.6,	22.9,	37.5,	-1;
MADDEN_JOHN,	76,	1165:47,	12,	13,	7,	107,	140,	185,	34.3,	37.1,	1.80,	3.14,	8.91,	91.06,	2.31,	2.60,	47.1,	2.82,	2.63,	18.6,	50.1,	31.3,	-1;
MAIR_ADAM,	65,	591:07,	1,	3,	2,	58,	77,	90,	16.7,	50.0,	0.61,	2.54,	2.61,	90.38,	1.87,	2.39,	43.8,	2.58,	2.59,	28.1,	29.3,	42.6,	-1;
MALHOTRA_MANNY,	72,	1163:49,	11,	19,	10,	111,	156,	196,	25.0,	43.2,	2.27,	2.27,	9.19,	93.16,	3.08,	2.01,	60.6,	2.81,	2.63,	15.5,	54.0,	30.5,	-1;
MALKIN_EVGENI,	43,	852:28,	15,	22,	11,	181,	244,	320,	25.4,	37.3,	4.15,	2.53,	10.00,	88.85,	2.78,	2.23,	55.6,	2.66,	2.63,	47.5,	20.9,	31.5,	-1;
MALONE_RYAN,	54,	865:22,	14,	24,	9,	150,	175,	205,	20.9,	35.8,	4.64,	3.05,	11.45,	87.36,	2.75,	2.58,	51.6,	2.58,	2.59,	41.3,	23.1,	35.6,	-1;
MANCARI_MARK,	20,	246:20,	1,	7,	3,	43,	57,	64,	7.7,	53.8,	3.17,	2.68,	8.02,	90.43,	2.76,	2.51,	52.3,	2.61,	2.51,	35.5,	27.4,	37.2,	-1;
MARCHAND_BRAD,	77,	1076:33,	21,	20,	12,	148,	184,	226,	36.2,	34.5,	3.23,	2.29,	9.86,	93.44,	2.75,	2.32,	54.3,	2.75,	2.59,	26.6,	33.6,	39.8,	-1;
MARCHANT_TODD,	79,	1049:59,	1,	7,	5,	63,	91,	114,	8.3,	58.3,	0.69,	3.66,	3.79,	90.38,	2.51,	2.52,	49.9,	2.74,	2.59,	18.4,	55.1,	26.5,	-1;
MARLEAU_PATRICK,	82,	1704:46,	37,	36,	17,	279,	365,	470,	32.7,	31.9,	3.98,	3.31,	10.82,	88.49,	2.56,	2.15,	54.4,	2.83,	2.61,	36.4,	35.1,	28.5,	-1;
MARTIN_MATT,	68,	745:07,	5,	8,	4,	59,	88,	131,	23.8,	38.1,	1.69,	2.98,	7.72,	91.89,	2.54,	3.28,	43.6,	2.61,	2.53,	26.9,	34.7,	38.4,	-1;
MASHINTER_BRANDON,	13,	82:54,	0,	0,	0,	5,	12,	14,	0.0,	0.0,	1.45,	2.90,	6.67,	91.49,	2.62,	2.45,	51.7,	2.63,	2.66,	32.8,	19.7,	47.5,	-1;
MATSUMOTO_JON,	13,	91:54,	2,	0,	0,	11,	14,	21,	100.0,	0.0,	1.31,	3.92,	4.00,	86.96,	2.71,	2.72,	49.9,	2.32,	2.70,	23.3,	35.6,	41.1,	-1;
MATTHIAS_SHAWN,	51,	603:52,	6,	10,	7,	90,	104,	135,	23.1,	38.5,	2.58,	2.48,	7.28,	91.75,	2.32,	2.58,	47.3,	2.68,	2.56,	37.8,	29.3,	32.9,	-1;
MAULDIN_GREG,	29,	305:50,	5,	5,	5,	46,	67,	74,	35.7,	35.7,	2.75,	2.55,	10.14,	90.30,	2.38,	3.33,	41.7,	2.67,	2.60,	25.9,	30.6,	43.5,	-1;
MAXWELL_BEN,	12,	143:56,	1,	1,	0,	13,	19,	20,	50.0,	50.0,	0.83,	3.75,	2.74,	85.71,	2.28,	2.93,	43.8,	2.58,	2.43,	43.6,	23.9,	32.5,	-1;
MAYERS_JAMAL,	78,	692:46,	3,	11,	6,	62,	89,	107,	16.7,	61.1,	1.56,	2.08,	6.02,	93.65,	2.51,	2.70,	48.1,	2.61,	2.57,	31.9,	32.6,	35.5,	-1;
MCARDLE_KENNDAL,	11,	109:24,	0,	0,	0,	6,	9,	12,	0.0,	0.0,	0.00,	1.65,	0.00,	94.34,	2.09,	2.59,	44.6,	2.66,	2.62,	23.0,	43.7,	33.3,	-1;
MCCARTHY_JOHN,	37,	323:29,	2,	2,	1,	41,	56,	71,	40.0,	40.0,	0.93,	2.78,	3.29,	90.57,	2.47,	2.41,	50.6,	2.62,	2.68,	37.5,	25.0,	37.5,	-1;
MCCLEMENT_JAY,	80,	1335:20,	7,	13,	10,	127,	182,	216,	18.9,	35.1,	1.66,	4.04,	7.07,	88.71,	2.66,	2.67,	49.9,	2.80,	2.58,	19.9,	50.7,	29.4,	-1;
MCCORMICK_CODY,	81,	887:17,	8,	12,	8,	104,	132,	185,	25.8,	38.7,	2.10,	1.96,	6.98,	92.87,	2.60,	2.82,	48.0,	2.63,	2.59,	33.9,	30.5,	35.6,	-1;
MCDONALD_ANDY,	58,	1162:31,	20,	30,	15,	180,	243,	280,	27.8,	41.7,	3.72,	1.91,	10.65,	91.65,	2.98,	2.82,	51.4,	2.74,	2.64,	39.1,	25.1,	35.8,	-1;
MCGINN_JAMIE,	49,	567:36,	1,	5,	4,	63,	96,	121,	9.1,	45.5,	1.16,	2.11,	4.14,	93.31,	2.91,	2.45,	54.3,	2.62,	2.67,	25.5,	31.9,	42.6,	-1;
MCLEOD_CODY,	71,	694:23,	5,	3,	1,	73,	95,	118,	21.7,	13.0,	1.99,	2.33,	7.06,	92.15,	2.51,	3.48,	41.9,	2.60,	2.56,	28.7,	29.6,	41.7,	-1;
MCMILLAN_BRANDON,	60,	844:22,	11,	10,	6,	77,	108,	133,	37.9,	34.5,	2.06,	3.20,	9.90,	90.28,	2.60,	2.72,	48.9,	2.71,	2.59,	29.5,	29.5,	41.0,	-1;
MCRAE_PHILIP,	15,	135:33,	1,	2,	1,	13,	17,	25,	50.0,	100.0,	0.89,	5.31,	3.64,	84.21,	2.67,	2.58,	50.8,	2.48,	2.70,	38.4,	19.6,	42.0,	-1;
MEYER_STEFAN,	16,	124:01,	0,	2,	1,	12,	16,	27,	0.0,	40.0,	2.42,	2.42,	9.43,	88.89,	2.25,	2.90,	43.6,	2.34,	2.64,	36.5,	24.3,	39.1,	-1;
MICHALEK_MILAN,	66,	1192:00,	18,	15,	8,	167,	223,	270,	32.7,	27.3,	2.77,	2.92,	9.40,	90.92,	2.44,	3.06,	44.4,	2.79,	2.59,	35.9,	26.8,	37.3,	-1;
MIETTINEN_ANTTI,	73,	1242:40,	16,	19,	7,	168,	226,	282,	26.7,	31.7,	2.90,	2.37,	10.10,	91.23,	2.44,	2.77,	46.9,	2.83,	2.65,	39.8,	25.2,	35.0,	-1;
MILLER_DREW,	67,	787:20,	10,	8,	4,	85,	122,	154,	40.0,	32.0,	1.91,	3.12,	7.08,	89.54,	2.82,	2.78,	50.3,	2.62,	2.57,	32.0,	32.6,	35.4,	-1;
MITCHELL_JOHN,	23,	287:48,	2,	1,	0,	28,	36,	53,	40.0,	20.0,	1.04,	3.75,	3.97,	87.92,	2.40,	2.87,	45.6,	2.64,	2.57,	36.6,	30.8,	32.6,	-1;
MITCHELL_TORREY,	66,	880:52,	9,	14,	7,	116,	159,	194,	30.0,	46.7,	2.04,	1.98,	6.33,	92.37,	2.93,	2.50,	53.9,	2.70,	2.63,	31.3,	35.4,	33.4,	-1;
MODANO_MIKE,	40,	497:56,	4,	11,	5,	79,	108,	138,	14.3,	39.3,	3.37,	2.17,	8.83,	91.93,	3.05,	2.75,	52.6,	2.55,	2.64,	46.4,	25.5,	28.1,	-1;
MODIN_FREDDY,	32,	369:11,	6,	3,	2,	41,	55,	71,	40.0,	20.0,	2.44,	4.71,	8.77,	87.28,	2.36,	2.79,	45.9,	2.59,	2.62,	33.6,	31.4,	34.9,	-1;
MODIN_FREDRIK,	8,	94:52,	1,	0,	0,	13,	16,	16,	100.0,	0.0,	0.63,	7.59,	2.63,	80.65,	2.44,	2.93,	45.4,	2.86,	2.48,	23.1,	37.4,	39.6,	-1;
MOEN_TRAVIS,	79,	1041:57,	6,	10,	8,	99,	117,	137,	22.2,	37.0,	1.55,	2.59,	6.46,	92.68,	2.63,	2.44,	51.9,	2.79,	2.57,	25.4,	42.9,	31.7,	-1;
MOLLER_OSCAR,	13,	189:43,	1,	3,	2,	27,	36,	54,	16.7,	50.0,	1.90,	1.90,	6.19,	92.68,	2.66,	2.42,	52.3,	2.77,	2.67,	42.5,	29.3,	28.1,	-1;
MOORE_DOMINIC,	77,	1200:55,	18,	14,	10,	175,	222,	268,	40.9,	31.8,	2.20,	3.40,	7.51,	88.40,	2.89,	2.51,	53.5,	2.68,	2.59,	25.8,	36.4,	37.7,	-1;
MOREAU_ETHAN,	37,	461:51,	1,	5,	2,	56,	74,	99,	12.5,	62.5,	1.04,	3.25,	5.03,	90.46,	2.25,	2.95,	43.4,	2.84,	2.52,	21.5,	44.1,	34.5,	-1;
MORIN_JEREMY,	9,	108:52,	2,	1,	1,	13,	19,	23,	25.0,	12.5,	4.41,	2.21,	16.67,	92.16,	3.12,	2.63,	54.3,	2.61,	2.77,	45.7,	13.0,	41.3,	-1;
MORRISON_BRENDAN,	66,	1101:53,	9,	34,	17,	89,	116,	149,	15.0,	56.7,	3.27,	2.45,	11.19,	91.36,	2.84,	2.80,	50.4,	2.80,	2.62,	31.8,	35.9,	32.3,	-1;
MORROW_BRENDEN,	82,	1575:18,	33,	23,	14,	209,	304,	362,	32.4,	22.5,	3.88,	2.97,	11.75,	88.95,	2.18,	2.83,	43.5,	2.75,	2.60,	43.9,	23.6,	32.5,	-1;
MOSS_DAVID,	58,	793:48,	17,	13,	3,	128,	170,	202,	41.5,	31.7,	3.10,	2.19,	9.74,	91.50,	2.83,	2.81,	50.1,	2.79,	2.58,	33.5,	29.4,	37.1,	-1;
MOULSON_MATT,	82,	1547:18,	31,	22,	8,	237,	315,	402,	35.2,	25.0,	3.41,	2.71,	9.35,	90.34,	2.54,	3.12,	44.9,	2.69,	2.58,	43.6,	24.4,	32.0,	-1;
MUELLER_CHRIS,	15,	129:33,	0,	3,	2,	7,	10,	12,	0.0,	75.0,	1.85,	1.85,	8.00,	95.06,	2.30,	2.16,	51.5,	2.72,	2.53,	29.0,	50.0,	21.0,	-1;
MURRAY_ANDREW,	29,	330:03,	4,	4,	2,	48,	59,	73,	50.0,	50.0,	1.45,	1.64,	5.10,	93.88,	2.25,	3.09,	42.1,	2.70,	2.58,	20.7,	39.2,	40.1,	-1;
MURSAK_JAN,	19,	155:40,	1,	0,	0,	20,	27,	34,	100.0,	0.0,	0.39,	1.54,	1.22,	92.16,	2.78,	2.73,	50.4,	2.44,	2.69,	34.7,	22.6,	42.7,	-1;
NASH_RICK,	75,	1419:30,	32,	34,	19,	305,	423,	547,	37.6,	40.0,	3.59,	2.83,	9.65,	89.26,	2.33,	2.90,	44.5,	2.76,	2.62,	46.3,	21.3,	32.4,	-1;
NEAL_JAMES,	79,	1382:14,	22,	23,	16,	211,	293,	380,	31.4,	32.9,	3.04,	2.00,	9.21,	92.50,	2.89,	2.63,	52.4,	2.69,	2.62,	42.9,	23.1,	34.0,	-1;
NEIL_CHRIS,	80,	1021:00,	6,	10,	5,	105,	142,	191,	18.2,	30.3,	1.94,	2.59,	6.93,	90.31,	2.02,	3.03,	40.0,	2.63,	2.57,	33.6,	30.4,	36.0,	-1;
NEWBURY_KRIS,	11,	83:58,	0,	1,	1,	6,	10,	14,	0.0,	100.0,	0.71,	0.71,	3.12,	97.67,	2.29,	2.23,	50.8,	2.54,	2.53,	39.1,	37.7,	23.2,	-1;
NICHOL_SCOTT,	56,	545:33,	4,	3,	2,	61,	75,	86,	30.8,	23.1,	1.43,	2.75,	6.91,	91.58,	2.45,	2.51,	49.4,	2.65,	2.61,	21.4,	47.4,	31.2,	-1;
NIEDERMAYER_ROB,	71,	905:53,	5,	14,	8,	80,	98,	121,	17.2,	48.3,	1.92,	2.52,	7.00,	92.21,	2.52,	2.72,	48.1,	2.63,	2.59,	29.0,	32.5,	38.5,	-1;
NIEDERREITER_NINO,	9,	122:20,	1,	1,	1,	12,	15,	19,	50.0,	50.0,	0.98,	1.47,	3.77,	95.65,	2.92,	2.92,	50.0,	2.59,	2.60,	36.6,	17.2,	46.2,	-1;
NIELSEN_FRANS,	71,	1261:12,	11,	31,	20,	154,	200,	253,	16.4,	46.3,	3.19,	2.90,	10.53,	90.33,	2.61,	2.93,	47.1,	2.73,	2.55,	26.9,	39.2,	33.9,	-1;
NODL_ANDREAS,	67,	888:21,	11,	11,	7,	100,	126,	151,	28.2,	28.2,	2.63,	1.69,	8.48,	94.43,	3.29,	2.75,	54.4,	2.72,	2.52,	26.9,	33.8,	39.4,	-1;
NYSTROM_ERIC,	82,	1091:18,	4,	8,	4,	83,	120,	163,	16.7,	33.3,	1.32,	2.75,	7.16,	91.91,	2.54,	2.81,	47.5,	2.77,	2.63,	21.2,	37.4,	41.4,	-1;
OKPOSO_KYLE,	38,	630:09,	5,	15,	7,	72,	108,	163,	12.8,	38.5,	3.71,	2.48,	10.32,	89.80,	2.69,	3.11,	46.4,	2.68,	2.52,	37.5,	29.6,	32.9,	-1;
OLESZ_ROSTISLAV,	44,	610:40,	6,	11,	6,	71,	91,	121,	23.1,	42.3,	2.56,	2.36,	8.00,	92.16,	2.38,	2.70,	46.8,	2.70,	2.63,	30.2,	33.5,	36.3,	-1;
OLVER_MARK,	18,	213:57,	2,	7,	4,	25,	31,	41,	20.0,	70.0,	2.80,	3.08,	10.99,	90.35,	2.67,	3.23,	45.3,	2.62,	2.68,	37.8,	25.5,	36.7,	-1;
OMARK_LINUS,	51,	783:08,	5,	22,	14,	76,	103,	141,	17.2,	75.9,	2.22,	2.76,	7.09,	89.25,	2.31,	3.03,	43.3,	2.63,	2.61,	43.0,	25.5,	31.5,	-1;
ORESKOVICH_VICTOR,	16,	126:26,	0,	3,	2,	19,	22,	24,	0.0,	100.0,	1.42,	0.95,	4.48,	96.61,	2.43,	2.23,	52.2,	2.52,	2.56,	17.2,	33.3,	49.4,	-1;
ORR_COLTON,	46,	233:19,	2,	0,	0,	14,	20,	27,	40.0,	0.0,	1.29,	1.54,	7.46,	94.44,	2.10,	3.13,	40.1,	2.46,	2.55,	28.0,	31.7,	40.3,	-1;
OSHIE_TJ,	49,	939:45,	12,	22,	17,	103,	149,	195,	22.6,	41.5,	3.38,	2.43,	10.25,	90.36,	2.88,	2.68,	51.8,	2.78,	2.66,	38.6,	30.1,	31.3,	-1;
OTT_STEVE,	82,	1405:13,	12,	20,	16,	120,	174,	214,	20.3,	33.9,	2.52,	2.77,	9.67,	91.00,	2.43,	2.67,	47.7,	2.78,	2.60,	24.7,	52.1,	23.2,	-1;
OVECHKIN_ALEX,	78,	1670:46,	31,	52,	30,	361,	518,	765,	28.7,	48.1,	3.88,	1.76,	9.55,	92.77,	2.06,	2.60,	44.1,	2.65,	2.66,	44.0,	21.4,	34.5,	-1;
O_MARRA_RYAN,	21,	231:23,	1,	4,	4,	13,	16,	19,	16.7,	66.7,	1.56,	2.07,	7.14,	93.50,	2.07,	3.09,	40.1,	2.67,	2.60,	36.9,	29.3,	33.8,	-1;
O_REILLY_CAL,	38,	642:17,	6,	12,	7,	44,	60,	77,	20.0,	40.0,	2.80,	2.15,	8.17,	91.39,	2.68,	2.24,	54.5,	2.68,	2.64,	39.8,	29.2,	30.9,	-1;
O_REILLY_RYAN,	74,	1187:57,	13,	13,	9,	119,	148,	181,	31.7,	31.7,	2.07,	3.59,	7.21,	88.53,	2.58,	3.22,	44.5,	2.74,	2.58,	24.0,	44.9,	31.1,	-1;
O_SULLIVAN_PATRICK,	31,	377:48,	2,	6,	5,	50,	74,	88,	14.3,	42.9,	2.22,	1.91,	7.33,	94.15,	2.55,	2.78,	47.8,	2.65,	2.56,	35.9,	29.8,	34.3,	-1;
PAAJARVI_MAGNUS,	80,	1230:44,	15,	19,	10,	179,	237,	316,	28.3,	35.8,	2.58,	2.54,	9.00,	91.03,	2.19,	3.24,	40.3,	2.71,	2.62,	39.1,	27.7,	33.2,	-1;
PACIORETTY_MAX,	37,	588:09,	14,	10,	6,	112,	158,	188,	35.9,	25.6,	3.98,	2.55,	9.65,	89.18,	2.39,	2.35,	50.4,	2.69,	2.59,	42.7,	20.0,	37.3,	-1;
PAHLSSON_SAMUEL,	82,	1257:43,	7,	13,	8,	108,	141,	181,	25.0,	46.4,	1.34,	3.10,	6.06,	90.71,	2.46,	2.95,	45.5,	2.88,	2.57,	16.0,	48.6,	35.5,	-1;
PAILLE_DANIEL,	43,	486:09,	6,	7,	6,	48,	63,	73,	33.3,	38.9,	2.22,	2.22,	7.76,	93.73,	2.60,	2.14,	54.8,	2.57,	2.61,	22.2,	36.3,	41.5,	-1;
PALMIERI_KYLE,	10,	86:52,	1,	0,	0,	10,	13,	14,	50.0,	0.0,	1.38,	2.07,	6.06,	93.18,	1.94,	2.67,	42.0,	2.44,	2.63,	35.0,	21.7,	43.3,	-1;
PALMIERI_NICK,	43,	617:00,	9,	8,	5,	66,	97,	126,	32.1,	28.6,	2.72,	1.65,	10.37,	93.20,	2.08,	2.70,	43.6,	2.75,	2.60,	35.4,	24.3,	40.3,	-1;
PARENTEAU_PIERRE,	81,	1476:00,	20,	32,	18,	162,	205,	264,	23.3,	37.2,	3.50,	2.52,	9.68,	90.37,	2.43,	3.21,	43.1,	2.64,	2.58,	46.0,	22.2,	31.7,	-1;
PARISE_ZACH,	13,	258:09,	3,	3,	2,	49,	58,	65,	27.3,	27.3,	2.56,	2.56,	6.71,	90.91,	2.09,	2.54,	45.1,	2.70,	2.58,	42.2,	23.3,	34.5,	-1;
PARROS_GEORGE,	78,	500:14,	3,	1,	1,	33,	51,	64,	60.0,	20.0,	0.60,	1.08,	2.53,	96.09,	1.99,	3.22,	38.2,	2.43,	2.61,	37.1,	20.3,	42.6,	-1;
PARSE_SCOTT,	5,	68:57,	1,	3,	1,	6,	10,	12,	12.5,	37.5,	6.96,	0.87,	17.78,	95.45,	2.68,	2.31,	53.7,	2.72,	2.59,	30.2,	33.3,	36.5,	-1;
PAVELSKI_JOE,	74,	1454:22,	20,	46,	27,	282,	364,	453,	20.2,	46.5,	4.08,	2.72,	9.87,	90.05,	2.48,	2.35,	51.3,	2.73,	2.61,	37.7,	38.3,	24.1,	-1;
PELLEY_RODNEY,	74,	873:48,	3,	7,	3,	88,	121,	149,	20.0,	46.7,	1.03,	2.27,	4.59,	92.41,	1.76,	2.59,	40.5,	2.65,	2.57,	25.3,	36.7,	38.0,	-1;
PENNER_DUSTIN,	81,	1467:04,	23,	22,	12,	173,	253,	307,	34.3,	32.8,	2.74,	2.94,	9.28,	89.89,	2.48,	2.89,	46.2,	2.81,	2.63,	37.3,	28.4,	34.3,	-1;
PERREAULT_MATHIEU,	34,	404:02,	7,	7,	4,	41,	57,	77,	36.8,	36.8,	2.82,	2.38,	8.30,	90.75,	2.53,	2.27,	52.8,	2.59,	2.58,	40.2,	23.5,	36.2,	-1;
PERRON_DAVID,	10,	184:11,	5,	2,	2,	29,	34,	37,	41.7,	16.7,	3.91,	0.65,	9.68,	97.01,	3.08,	2.72,	53.1,	2.81,	2.61,	45.0,	28.5,	26.5,	-1;
PERRY_COREY,	82,	1829:40,	49,	48,	29,	289,	391,	482,	37.7,	36.9,	4.26,	3.02,	12.95,	89.64,	2.88,	2.77,	51.0,	2.81,	2.60,	40.1,	25.0,	34.9,	-1;
PETERS_WARREN,	11,	95:50,	1,	0,	0,	11,	17,	19,	50.0,	0.0,	1.25,	2.50,	4.76,	93.10,	2.42,	2.59,	48.3,	2.60,	2.58,	16.7,	40.6,	42.7,	-1;
PETERSEN_TOBY,	60,	602:22,	2,	4,	3,	58,	75,	89,	20.0,	40.0,	1.00,	2.99,	4.90,	90.85,	2.31,	2.60,	47.1,	2.75,	2.61,	23.9,	40.6,	35.5,	-1;
PEVERLEY_RICH,	82,	1496:29,	18,	23,	14,	201,	266,	328,	27.3,	34.8,	2.65,	2.89,	7.99,	90.97,	2.87,	2.89,	49.8,	2.72,	2.58,	36.5,	34.8,	28.7,	-1;
PISANI_FERNANDO,	60,	754:23,	7,	9,	6,	72,	90,	123,	33.3,	42.9,	1.67,	2.70,	6.75,	91.60,	3.10,	2.63,	54.1,	2.81,	2.60,	20.8,	43.1,	36.2,	-1;
PLEKANEC_TOMAS,	77,	1559:10,	22,	35,	21,	226,	305,	397,	26.2,	41.7,	3.23,	2.46,	9.56,	92.22,	2.32,	2.40,	49.2,	2.80,	2.60,	32.6,	35.0,	32.4,	-1;
POMINVILLE_JASON,	73,	1324:14,	22,	30,	18,	215,	273,	353,	26.8,	36.6,	3.71,	2.81,	9.43,	90.33,	2.79,	2.75,	50.4,	2.71,	2.58,	41.4,	27.1,	31.6,	-1;
PONIKAROVSKY_ALEXEI,	61,	768:34,	5,	10,	6,	94,	130,	162,	20.0,	40.0,	1.95,	1.56,	7.14,	93.92,	2.37,	2.54,	48.2,	2.77,	2.64,	36.0,	26.8,	37.2,	-1;
PORTER_CHRIS,	45,	467:19,	3,	4,	3,	55,	72,	88,	23.1,	30.8,	1.67,	2.18,	6.57,	91.28,	2.75,	2.86,	49.0,	2.66,	2.63,	30.8,	28.3,	40.9,	-1;
PORTER_KEVIN,	74,	1022:31,	14,	11,	5,	101,	149,	201,	25.5,	20.0,	3.23,	3.29,	10.89,	88.36,	2.57,	3.19,	44.6,	2.65,	2.61,	33.4,	32.6,	34.0,	-1;
POTULNY_RYAN,	10,	78:59,	0,	0,	0,	7,	9,	12,	0.0,	0.0,	1.52,	2.28,	7.14,	90.91,	2.08,	2.53,	45.1,	2.47,	2.54,	45.5,	30.9,	23.6,	-1;
POULIOT_BENOIT,	79,	911:19,	13,	17,	12,	128,	171,	212,	31.7,	41.5,	2.70,	2.24,	7.69,	91.85,	2.58,	2.45,	51.2,	2.59,	2.59,	36.5,	29.4,	34.2,	-1;
POWE_DARROLL,	81,	994:37,	6,	10,	8,	86,	121,	160,	22.2,	37.0,	1.63,	3.50,	7.92,	89.53,	3.11,	2.31,	57.4,	2.74,	2.55,	15.8,	48.4,	35.8,	-1;
PROSPAL_VACLAV,	29,	444:37,	9,	14,	6,	61,	73,	90,	32.1,	50.0,	3.78,	1.48,	11.24,	93.96,	2.74,	2.31,	54.2,	2.57,	2.58,	55.6,	15.8,	28.6,	-1;
PRUCHA_PETR,	11,	126:03,	0,	1,	1,	10,	15,	19,	0.0,	33.3,	1.43,	1.90,	5.45,	94.44,	2.71,	2.63,	50.7,	2.86,	2.56,	31.0,	31.9,	37.1,	-1;
PRUST_BRANDON,	82,	1132:32,	13,	16,	7,	87,	115,	140,	33.3,	41.0,	2.07,	2.49,	7.80,	92.15,	2.62,	2.19,	54.5,	2.72,	2.61,	22.8,	38.2,	38.9,	-1;
PURCELL_TEDDY,	81,	1142:15,	17,	34,	17,	196,	246,	316,	20.7,	41.5,	4.31,	1.94,	11.28,	92.28,	2.61,	2.93,	47.1,	2.58,	2.60,	38.0,	27.3,	34.7,	-1;
PYATT_TAYLOR,	76,	1178:25,	18,	13,	8,	126,	180,	215,	35.3,	25.5,	2.60,	2.24,	9.04,	93.29,	2.63,	2.97,	46.9,	2.80,	2.57,	25.5,	36.8,	37.7,	-1;
PYATT_TOM,	61,	649:01,	2,	5,	1,	65,	90,	119,	16.7,	41.7,	1.11,	2.31,	4.76,	92.94,	2.45,	2.57,	48.9,	2.69,	2.58,	26.1,	42.4,	31.6,	-1;
RAYMOND_MASON,	70,	1105:56,	15,	24,	12,	197,	260,	329,	30.6,	49.0,	2.66,	2.12,	7.62,	91.88,	3.46,	2.07,	62.6,	2.71,	2.62,	38.9,	29.8,	31.4,	-1;
REASONER_MARTY,	82,	1407:20,	14,	18,	11,	124,	179,	232,	31.8,	40.9,	1.88,	2.64,	7.22,	92.45,	2.31,	2.55,	47.5,	2.80,	2.58,	23.2,	46.0,	30.8,	-1;
REAVES_RYAN,	28,	190:33,	2,	2,	2,	16,	18,	23,	33.3,	33.3,	1.89,	2.20,	7.89,	92.13,	2.55,	2.96,	46.3,	2.44,	2.69,	37.6,	25.4,	37.0,	-1;
RECCHI_MARK,	81,	1304:29,	14,	34,	16,	132,	165,	211,	17.5,	42.5,	3.68,	2.21,	10.47,	92.62,	2.74,	2.60,	51.3,	2.73,	2.62,	36.0,	29.3,	34.7,	-1;
REDDOX_LIAM,	44,	659:50,	1,	9,	5,	85,	108,	142,	7.1,	64.3,	1.27,	3.55,	5.24,	88.98,	2.22,	3.02,	42.4,	2.77,	2.60,	24.7,	40.9,	34.4,	-1;
REGIN_PETER,	55,	736:10,	3,	14,	7,	87,	123,	158,	10.3,	48.3,	2.36,	2.36,	7.07,	91.42,	2.39,	2.93,	45.0,	2.69,	2.61,	35.5,	26.4,	38.0,	-1;
REINPRECHT_STEVEN,	29,	341:15,	4,	6,	6,	31,	39,	49,	28.6,	42.9,	2.46,	2.81,	8.14,	90.70,	2.24,	2.53,	47.0,	2.64,	2.59,	34.5,	31.0,	34.5,	-1;
REPIK_MICHAL,	31,	396:16,	2,	6,	4,	54,	82,	94,	22.2,	66.7,	1.36,	2.12,	4.66,	91.91,	2.22,	2.62,	45.8,	2.68,	2.59,	29.1,	36.9,	34.0,	-1;
RIBEIRO_MIKE,	82,	1634:23,	19,	52,	35,	161,	227,	286,	18.8,	51.5,	3.71,	2.97,	11.30,	88.84,	2.55,	2.89,	46.9,	2.76,	2.60,	43.5,	25.2,	31.3,	-1;
RICHARDS_BRAD,	72,	1563:47,	28,	49,	32,	272,	394,	548,	28.3,	49.5,	3.80,	2.38,	10.96,	91.46,	2.41,	2.65,	47.6,	2.69,	2.65,	48.0,	24.3,	27.7,	-1;
RICHARDS_MIKE,	81,	1526:18,	23,	43,	26,	184,	280,	373,	26.1,	48.9,	3.46,	2.87,	10.84,	89.80,	3.06,	2.36,	56.4,	2.70,	2.57,	37.2,	31.8,	31.0,	-1;
RICHARDSON_BRAD,	68,	799:38,	7,	12,	7,	103,	143,	190,	28.0,	48.0,	1.88,	3.38,	7.04,	88.10,	2.34,	2.13,	52.3,	2.68,	2.63,	33.0,	29.3,	37.8,	-1;
RISSMILLER_PATRICK,	10,	103:39,	0,	1,	1,	14,	21,	24,	0.0,	50.0,	1.16,	1.74,	4.17,	93.33,	2.02,	2.51,	44.6,	2.68,	2.63,	28.9,	30.9,	40.2,	-1;
RITOLA_MATTIAS,	31,	311:57,	4,	4,	3,	42,	56,	69,	40.0,	40.0,	1.92,	2.69,	6.58,	88.71,	2.75,	2.70,	50.4,	2.53,	2.57,	30.0,	29.2,	40.7,	-1;
ROLSTON_BRIAN,	65,	1143:24,	14,	20,	11,	168,	229,	291,	31.8,	45.5,	2.31,	2.15,	7.76,	90.57,	2.16,	2.65,	44.9,	2.80,	2.60,	37.6,	30.9,	31.6,	-1;
ROSEHILL_JAY,	26,	135:23,	1,	1,	1,	12,	13,	16,	33.3,	33.3,	1.33,	3.99,	5.17,	87.32,	2.29,	2.93,	43.9,	2.53,	2.53,	31.2,	32.0,	36.8,	-1;
ROY_DEREK,	35,	683:22,	10,	25,	20,	89,	110,	151,	23.3,	58.1,	3.77,	2.81,	9.82,	90.18,	3.23,	2.64,	55.1,	2.59,	2.58,	47.7,	22.9,	29.5,	-1;
RUPP_MICHAEL,	81,	814:29,	9,	8,	6,	81,	110,	144,	33.3,	29.6,	1.99,	2.21,	7.03,	91.57,	2.51,	2.47,	50.4,	2.56,	2.62,	38.3,	26.5,	35.2,	-1;
RUUTU_JARKKO,	73,	830:07,	3,	9,	6,	66,	96,	122,	15.0,	45.0,	1.45,	2.82,	6.23,	90.39,	2.10,	3.00,	41.1,	2.68,	2.59,	28.7,	37.1,	34.2,	-1;
RUUTU_TUOMO,	81,	1362:51,	19,	38,	20,	147,	218,	301,	22.9,	45.8,	3.65,	2.42,	10.94,	91.32,	2.77,	2.92,	48.7,	2.57,	2.58,	41.4,	25.9,	32.7,	-1;
RYAN_BOBBY,	82,	1654:44,	33,	37,	25,	268,	356,	421,	30.8,	34.6,	3.88,	2.87,	11.90,	90.45,	3.30,	2.64,	55.6,	2.79,	2.61,	36.9,	23.1,	39.9,	-1;
RYDER_MICHAEL,	79,	1144:23,	17,	23,	15,	164,	218,	294,	29.8,	40.4,	2.99,	2.25,	8.88,	92.61,	2.78,	2.34,	54.3,	2.55,	2.62,	37.7,	26.4,	36.0,	-1;
SAMSON_JEROME,	23,	157:34,	0,	2,	0,	28,	42,	61,	0.0,	66.7,	1.14,	1.14,	3.80,	95.59,	2.48,	2.79,	47.1,	2.43,	2.60,	31.2,	29.4,	39.4,	-1;
SAMSONOV_SERGEI,	77,	1188:15,	13,	27,	20,	121,	164,	206,	22.0,	45.8,	2.98,	1.92,	8.66,	93.07,	2.65,	2.90,	47.8,	2.64,	2.56,	41.9,	25.3,	32.8,	-1;
SAMUELSSON_MIKAEL,	75,	1247:24,	18,	32,	23,	215,	286,	382,	24.7,	43.8,	3.51,	1.83,	9.77,	92.71,	3.16,	2.21,	58.8,	2.69,	2.66,	40.1,	29.1,	30.8,	-1;
SANTORELLI_MIKE,	82,	1367:31,	20,	21,	12,	193,	259,	320,	31.7,	33.3,	2.76,	3.07,	8.42,	90.11,	2.24,	2.46,	47.6,	2.69,	2.59,	41.2,	28.1,	30.7,	-1;
SAVARD_MARC,	25,	395:05,	2,	8,	4,	50,	66,	83,	11.1,	44.4,	2.73,	2.73,	7.06,	92.07,	3.22,	2.12,	60.2,	2.64,	2.69,	39.6,	30.8,	29.5,	-1;
SCHAEFER_PETER,	16,	154:49,	1,	1,	1,	10,	14,	22,	25.0,	25.0,	1.55,	5.04,	8.00,	88.50,	2.47,	2.24,	52.4,	2.64,	2.59,	20.3,	39.9,	39.9,	-1;
SCHENN_BRAYDEN,	8,	89:59,	0,	2,	2,	11,	13,	13,	0.0,	50.0,	2.67,	2.67,	10.81,	91.84,	2.19,	2.27,	49.1,	2.55,	2.64,	38.7,	20.0,	41.3,	-1;
SCHREMP_ROB,	63,	884:35,	13,	13,	7,	83,	118,	151,	38.2,	38.2,	2.31,	2.92,	7.85,	89.03,	2.53,	3.01,	45.7,	2.60,	2.56,	34.5,	32.9,	32.6,	-1;
SCOTT_JOHN,	40,	250:08,	0,	1,	0,	15,	23,	33,	0.0,	14.3,	1.68,	1.92,	5.98,	93.33,	2.72,	2.68,	50.4,	2.48,	2.64,	35.8,	25.4,	38.9,	-1;
SEDIN_DANIEL,	82,	1521:21,	41,	63,	34,	265,	357,	451,	31.5,	48.5,	5.13,	1.74,	12.77,	92.95,	2.47,	2.79,	47.0,	2.71,	2.67,	57.7,	13.6,	28.7,	-1;
SEDIN_HENRIK,	82,	1579:17,	18,	75,	45,	156,	198,	256,	13.6,	56.8,	5.01,	1.98,	12.50,	92.02,	2.67,	2.10,	56.0,	2.71,	2.67,	55.8,	16.4,	27.7,	-1;
SEGAL_BRANDON,	46,	381:16,	5,	5,	2,	40,	62,	78,	33.3,	33.3,	2.36,	2.20,	10.07,	91.95,	2.29,	2.70,	46.0,	2.61,	2.62,	34.6,	30.3,	35.2,	-1;
SEGUIN_TYLER,	74,	903:32,	11,	11,	9,	131,	172,	207,	33.3,	33.3,	2.19,	1.86,	6.82,	94.19,	2.96,	2.42,	55.0,	2.50,	2.61,	38.6,	28.7,	32.7,	-1;
SELANNE_TEEMU,	73,	1309:32,	30,	49,	30,	211,	275,	320,	31.2,	51.0,	4.40,	2.20,	12.68,	91.84,	2.57,	2.97,	46.4,	2.73,	2.59,	41.7,	25.6,	32.7,	-1;
SEMIN_ALEXANDER,	64,	1157:18,	28,	26,	17,	195,	304,	433,	37.8,	35.1,	3.84,	1.71,	10.69,	93.04,	2.42,	2.35,	50.7,	2.68,	2.64,	45.3,	22.5,	32.1,	-1;
SESTITO_TIM,	36,	389:25,	0,	2,	2,	22,	32,	44,	0.0,	50.0,	0.62,	1.85,	2.78,	93.30,	1.77,	2.52,	41.2,	2.61,	2.60,	26.5,	30.2,	43.3,	-1;
SESTITO_TOM,	9,	85:45,	2,	2,	2,	7,	15,	18,	50.0,	50.0,	2.80,	4.20,	10.53,	83.33,	2.49,	2.84,	46.7,	2.64,	2.53,	43.2,	23.0,	33.8,	-1;
SETOGUCHI_DEVIN,	72,	1094:50,	22,	19,	7,	199,	268,	346,	37.9,	32.8,	3.18,	2.47,	8.71,	90.47,	3.12,	2.46,	55.9,	2.73,	2.63,	41.0,	24.1,	34.8,	-1;
SEXTON_DAN,	47,	544:47,	4,	9,	6,	78,	108,	118,	25.0,	56.2,	1.76,	2.20,	6.45,	92.16,	2.36,	2.87,	45.1,	2.66,	2.62,	33.3,	25.1,	41.6,	-1;
SHANNON_RYAN,	79,	1021:23,	11,	16,	8,	118,	154,	187,	28.9,	42.1,	2.23,	1.82,	7.01,	93.10,	2.23,	3.12,	41.7,	2.63,	2.57,	36.9,	26.5,	36.5,	-1;
SHARP_PATRICK,	74,	1436:33,	34,	37,	18,	268,	371,	476,	35.4,	38.5,	4.01,	2.84,	11.07,	89.33,	2.79,	2.54,	52.3,	2.70,	2.64,	49.5,	17.9,	32.6,	-1;
SHELLEY_JODY,	58,	358:31,	2,	2,	0,	31,	45,	52,	16.7,	16.7,	2.01,	2.01,	8.39,	93.06,	2.32,	3.00,	43.7,	2.41,	2.63,	20.7,	32.0,	47.3,	-1;
SIM_JON,	34,	387:44,	1,	3,	2,	38,	49,	62,	10.0,	30.0,	1.55,	3.25,	6.25,	89.76,	2.58,	3.08,	45.6,	2.65,	2.55,	22.6,	38.3,	39.1,	-1;
SIMMONDS_WAYNE,	80,	1076:24,	14,	16,	6,	117,	165,	226,	36.8,	42.1,	2.12,	1.95,	7.58,	93.18,	2.39,	2.49,	49.0,	2.77,	2.64,	32.7,	27.9,	39.3,	-1;
SJOSTROM_FREDRIK,	66,	739:52,	2,	3,	2,	62,	81,	106,	13.3,	20.0,	1.22,	3.00,	5.56,	91.23,	2.46,	3.03,	44.8,	2.74,	2.55,	23.7,	43.4,	32.9,	-1;
SKILLE_JACK,	62,	739:18,	8,	11,	7,	153,	193,	242,	29.6,	40.7,	2.19,	2.92,	6.60,	88.46,	2.57,	2.65,	49.3,	2.61,	2.61,	35.5,	24.0,	40.5,	-1;
SKINNER_JEFF,	81,	1355:08,	31,	32,	15,	211,	300,	400,	36.0,	37.2,	3.81,	2.57,	11.33,	91.09,	2.62,	2.82,	48.2,	2.57,	2.58,	41.9,	24.0,	34.1,	-1;
SLATER_JIM,	36,	380:54,	5,	7,	4,	53,	69,	79,	26.3,	36.8,	2.99,	2.99,	10.80,	91.77,	2.13,	3.00,	41.5,	2.60,	2.58,	25.1,	39.1,	35.8,	-1;
SMITH_BEN,	6,	82:41,	1,	0,	0,	6,	6,	7,	33.3,	0.0,	2.18,	1.45,	7.14,	94.59,	2.85,	2.55,	52.8,	2.76,	2.75,	39.0,	22.0,	39.0,	-1;
SMITH_ZACK,	55,	693:21,	4,	5,	2,	78,	102,	134,	28.6,	35.7,	1.21,	2.51,	4.42,	91.57,	2.33,	2.91,	44.5,	2.65,	2.56,	33.2,	32.2,	34.7,	-1;
SMITHSON_JERRED,	82,	1217:41,	5,	8,	4,	73,	106,	138,	17.2,	27.6,	1.43,	2.81,	7.18,	91.85,	2.55,	2.18,	53.8,	2.83,	2.64,	19.4,	54.9,	25.8,	-1;
SMYTH_RYAN,	82,	1479:09,	23,	24,	9,	195,	271,	307,	30.7,	32.0,	3.04,	2.19,	9.07,	90.92,	2.59,	2.45,	51.4,	2.74,	2.65,	41.8,	27.4,	30.8,	-1;
SOBOTKA_VLADIMIR,	65,	1051:11,	7,	22,	15,	75,	102,	140,	16.7,	52.4,	2.40,	2.85,	8.99,	90.25,	2.91,	2.75,	51.4,	2.81,	2.62,	27.9,	37.8,	34.3,	-1;
SPALING_NICK,	74,	1030:49,	8,	6,	3,	75,	104,	144,	33.3,	25.0,	1.40,	2.79,	6.50,	92.07,	2.52,	2.20,	53.4,	2.80,	2.65,	22.5,	49.7,	27.7,	-1;
SPEZZA_JASON,	62,	1252:20,	20,	36,	25,	187,	267,	344,	25.3,	45.6,	3.79,	3.35,	10.99,	89.31,	1.93,	2.79,	41.0,	2.71,	2.56,	33.5,	34.4,	32.1,	-1;
ST._LOUIS_MARTIN,	82,	1720:03,	31,	68,	47,	254,	349,	450,	24.6,	54.0,	4.39,	2.62,	12.06,	90.09,	2.59,	2.57,	50.1,	2.63,	2.60,	41.1,	25.3,	33.6,	-1;
STAAL_ERIC,	80,	1755:36,	33,	43,	26,	290,	415,	526,	28.2,	36.8,	4.00,	3.11,	11.27,	90.19,	2.41,	2.51,	49.0,	2.68,	2.58,	40.9,	29.6,	29.5,	-1;
STAAL_JORDAN,	42,	896:50,	11,	19,	12,	91,	118,	166,	23.4,	40.4,	3.14,	2.48,	10.49,	91.38,	2.74,	2.26,	54.9,	2.77,	2.59,	32.2,	32.0,	35.9,	-1;
STAFFORD_DREW,	62,	1025:21,	31,	21,	10,	179,	217,	275,	41.3,	28.0,	4.39,	2.22,	12.12,	92.07,	2.75,	2.86,	49.0,	2.65,	2.63,	44.4,	20.9,	34.7,	-1;
STAJAN_MATT,	76,	1081:17,	6,	25,	17,	81,	122,	148,	12.2,	51.0,	2.72,	2.72,	8.89,	90.14,	2.95,	2.65,	52.7,	2.70,	2.64,	36.6,	30.1,	33.3,	-1;
STALBERG_VIKTOR,	77,	823:08,	12,	12,	9,	135,	189,	221,	32.4,	32.4,	2.70,	2.48,	7.37,	89.97,	2.89,	2.66,	52.1,	2.64,	2.65,	37.7,	23.5,	38.7,	-1;
STAMKOS_STEVEN,	82,	1655:11,	44,	46,	22,	271,	403,	518,	34.9,	36.5,	4.57,	2.54,	12.24,	90.40,	2.47,	2.67,	48.1,	2.62,	2.60,	42.2,	24.9,	32.9,	-1;
STAPLETON_TIM,	45,	499:53,	5,	2,	0,	44,	64,	77,	41.7,	16.7,	1.44,	2.52,	4.71,	90.50,	2.39,	3.10,	43.5,	2.59,	2.56,	38.7,	25.6,	35.7,	-1;
STASTNY_PAUL,	74,	1460:29,	22,	35,	22,	181,	232,	279,	25.6,	40.7,	3.53,	3.25,	11.20,	89.21,	2.61,	3.15,	45.3,	2.78,	2.59,	38.2,	31.3,	30.4,	-1;
STAUBITZ_BRAD,	71,	462:37,	4,	5,	3,	29,	41,	51,	30.8,	38.5,	1.69,	2.33,	9.70,	92.68,	2.05,	2.78,	42.4,	2.53,	2.63,	21.7,	33.5,	44.8,	-1;
STECKEL_DAVID,	74,	878:18,	5,	5,	5,	76,	98,	125,	27.8,	27.8,	1.23,	2.66,	5.10,	90.67,	2.21,	2.41,	47.9,	2.74,	2.61,	21.7,	50.5,	27.8,	-1;
STEEN_ALEXANDER,	72,	1408:04,	20,	31,	17,	218,	338,	457,	29.0,	44.9,	2.94,	2.43,	8.68,	89.18,	2.83,	2.83,	50.0,	2.75,	2.63,	42.7,	24.0,	33.4,	-1;
STEMPNIAK_LEE,	82,	1250:47,	19,	19,	4,	199,	260,	354,	35.8,	35.8,	2.54,	1.92,	8.10,	93.31,	2.63,	3.02,	46.6,	2.72,	2.60,	29.4,	32.3,	38.3,	-1;
STEPAN_DEREK,	82,	1348:24,	21,	24,	16,	166,	230,	309,	30.4,	34.8,	3.07,	2.09,	9.27,	91.30,	2.68,	2.33,	53.5,	2.60,	2.63,	45.5,	19.5,	35.0,	-1;
STERLING_BRETT,	7,	105:50,	3,	2,	1,	14,	18,	25,	37.5,	25.0,	4.54,	1.70,	10.39,	93.62,	2.79,	2.41,	53.6,	2.79,	2.61,	42.5,	23.6,	34.0,	-1;
STEWART_ANTHONY,	80,	1197:50,	14,	25,	15,	141,	191,	235,	23.7,	42.4,	2.96,	2.90,	9.56,	90.43,	2.57,	3.13,	45.1,	2.69,	2.57,	34.6,	25.3,	40.1,	-1;
STEWART_CHRIS,	62,	1084:12,	28,	25,	19,	162,	206,	245,	39.4,	35.2,	3.93,	2.77,	11.02,	89.20,	2.88,	2.96,	49.3,	2.77,	2.62,	43.9,	22.5,	33.6,	-1;
STILLMAN_CORY,	65,	1099:10,	12,	27,	18,	116,	167,	218,	18.2,	40.9,	3.60,	2.13,	10.82,	93.00,	2.46,	2.77,	47.0,	2.63,	2.61,	41.5,	26.7,	31.8,	-1;
STOA_RYAN,	25,	333:33,	2,	2,	1,	45,	58,	69,	12.5,	12.5,	2.88,	2.70,	8.51,	90.85,	2.72,	3.30,	45.2,	2.65,	2.64,	35.8,	27.1,	37.1,	-1;
STOLL_JARRET,	82,	1407:27,	20,	23,	15,	186,	259,	336,	31.2,	35.9,	2.73,	2.47,	8.91,	90.88,	2.83,	2.22,	56.0,	2.78,	2.65,	35.3,	38.7,	26.0,	-1;
STORTINI_ZACK,	32,	226:59,	0,	4,	3,	16,	25,	36,	0.0,	57.1,	1.85,	2.38,	8.24,	91.18,	1.86,	3.04,	37.9,	2.50,	2.58,	29.7,	34.9,	35.4,	-1;
STURM_MARCO,	35,	498:16,	4,	12,	6,	56,	82,	97,	18.2,	54.5,	2.65,	1.69,	8.94,	93.94,	2.64,	2.33,	53.1,	2.70,	2.67,	32.4,	27.8,	39.8,	-1;
SULLIVAN_STEVE,	44,	705:24,	10,	12,	4,	79,	106,	133,	29.4,	35.3,	2.89,	2.21,	8.56,	91.69,	2.56,	2.23,	53.5,	2.70,	2.65,	45.6,	24.4,	30.0,	-1;
SUTHERBY_BRIAN,	51,	378:01,	2,	2,	2,	32,	40,	56,	33.3,	33.3,	0.95,	3.49,	5.61,	88.60,	2.11,	2.64,	44.5,	2.70,	2.59,	24.9,	30.3,	44.7,	-1;
SUTTER_BRANDON,	81,	1365:04,	14,	15,	13,	144,	198,	241,	26.9,	28.8,	2.29,	2.46,	9.09,	92.79,	2.61,	2.86,	47.7,	2.78,	2.57,	24.9,	39.6,	35.5,	-1;
SVATOS_MAREK,	28,	328:15,	4,	4,	3,	50,	64,	80,	33.3,	33.3,	2.19,	2.19,	6.38,	93.10,	2.36,	2.53,	48.3,	2.59,	2.55,	40.2,	19.9,	39.9,	-1;
TALBOT_MAXIME,	82,	1235:34,	8,	13,	11,	117,	146,	185,	27.6,	44.8,	1.41,	2.38,	5.44,	92.52,	2.91,	2.36,	55.2,	2.74,	2.61,	26.6,	39.6,	33.8,	-1;
TAMBELLINI_JEFF,	62,	730:34,	9,	8,	5,	114,	159,	199,	30.0,	26.7,	2.46,	1.23,	7.03,	95.40,	2.99,	2.30,	56.5,	2.65,	2.70,	32.2,	25.4,	42.4,	-1;
TANGRADI_ERIC,	15,	168:00,	1,	2,	2,	18,	22,	25,	16.7,	33.3,	2.14,	2.86,	8.45,	88.57,	2.67,	2.28,	54.0,	2.51,	2.76,	39.4,	31.4,	29.2,	-1;
TANGUAY_ALEX,	79,	1561:07,	22,	48,	33,	119,	167,	203,	22.0,	48.0,	3.84,	3.08,	12.05,	88.27,	2.53,	2.48,	50.5,	2.77,	2.64,	40.6,	25.0,	34.5,	-1;
TATAR_TOMAS,	9,	86:25,	1,	0,	0,	6,	11,	17,	33.3,	0.0,	2.08,	1.39,	6.98,	94.74,	2.64,	2.75,	49.0,	2.59,	2.65,	43.7,	28.2,	28.2,	-1;
TAVARES_JOHN,	79,	1520:45,	29,	38,	20,	243,	324,	407,	34.9,	45.8,	3.27,	2.84,	9.14,	90.00,	2.83,	2.87,	49.6,	2.65,	2.59,	45.6,	23.3,	31.1,	-1;
TEDENBY_MATTIAS,	58,	727:32,	7,	14,	10,	85,	104,	134,	21.9,	43.8,	2.64,	1.65,	8.36,	93.08,	2.02,	2.48,	44.9,	2.59,	2.62,	41.2,	23.7,	35.0,	-1;
THOMAS_BILL,	23,	194:21,	4,	3,	1,	32,	44,	45,	57.1,	42.9,	2.16,	2.47,	7.87,	91.11,	1.96,	2.51,	43.9,	2.65,	2.51,	31.8,	38.9,	29.3,	-1;
THOMPSON_NATE,	79,	1192:08,	10,	15,	10,	123,	166,	204,	31.2,	46.9,	1.61,	2.97,	6.34,	90.10,	2.61,	2.69,	49.3,	2.77,	2.58,	18.6,	45.1,	36.3,	-1;
THORBURN_CHRIS,	82,	1131:16,	9,	10,	6,	114,	145,	193,	25.0,	27.8,	1.91,	2.97,	7.27,	91.10,	2.45,	3.00,	44.9,	2.66,	2.55,	25.5,	37.2,	37.3,	-1;
THORNTON_JOE,	80,	1589:37,	21,	49,	33,	149,	201,	261,	18.8,	43.8,	4.23,	2.42,	11.22,	90.80,	2.50,	2.70,	48.1,	2.80,	2.61,	41.2,	26.5,	32.3,	-1;
THORNTON_SHAWN,	79,	796:23,	10,	10,	7,	151,	194,	238,	37.0,	37.0,	2.03,	1.43,	6.37,	95.66,	2.85,	2.54,	52.9,	2.55,	2.60,	27.4,	28.8,	43.8,	-1;
TIMMINS_SCOTT,	19,	205:32,	1,	0,	0,	13,	22,	31,	100.0,	0.0,	0.29,	2.92,	1.22,	91.38,	2.21,	2.50,	46.9,	2.63,	2.61,	25.1,	42.5,	32.4,	-1;
TLUSTY_JIRI,	57,	562:07,	6,	6,	4,	53,	70,	102,	27.3,	27.3,	2.35,	2.24,	9.21,	91.80,	2.42,	2.80,	46.3,	2.61,	2.57,	27.4,	32.8,	39.8,	-1;
TOEWS_JONATHAN,	80,	1660:30,	32,	44,	28,	233,	290,	344,	27.6,	37.9,	4.19,	2.42,	11.55,	91.04,	2.53,	2.90,	46.6,	2.81,	2.62,	42.8,	25.9,	31.3,	-1;
TOOTOO_JORDIN,	54,	641:22,	8,	10,	7,	85,	114,	151,	34.8,	43.5,	2.15,	1.40,	8.13,	95.25,	2.40,	2.54,	48.5,	2.65,	2.61,	30.6,	29.6,	39.8,	-1;
TORRES_RAFFI,	80,	999:04,	14,	15,	7,	115,	156,	179,	33.3,	35.7,	2.52,	1.80,	8.59,	93.74,	2.71,	2.32,	53.8,	2.67,	2.65,	18.5,	39.5,	42.1,	-1;
TURRIS_KYLE,	65,	732:44,	11,	14,	8,	116,	150,	186,	28.9,	36.8,	3.11,	2.70,	9.34,	90.60,	2.74,	2.38,	53.5,	2.55,	2.59,	43.7,	19.3,	37.0,	-1;
TYRELL_DANA,	78,	940:23,	6,	9,	4,	73,	98,	118,	28.6,	42.9,	1.34,	2.17,	5.24,	91.75,	2.52,	3.11,	44.7,	2.74,	2.57,	22.7,	32.9,	44.4,	-1;
UMBERGER_RJ,	82,	1575:30,	25,	32,	19,	218,	297,	361,	29.4,	37.6,	3.24,	3.27,	10.30,	88.46,	2.28,	2.81,	44.8,	2.77,	2.59,	38.4,	31.5,	30.1,	-1;
UPSHALL_SCOTTIE,	82,	1151:14,	22,	12,	6,	191,	273,	347,	47.8,	26.1,	2.40,	2.76,	7.18,	89.73,	2.72,	2.74,	49.8,	2.67,	2.59,	36.1,	29.3,	34.6,	-1;
VANDEVELDE_CHRIS,	12,	207:19,	0,	2,	0,	16,	26,	34,	0.0,	28.6,	2.03,	3.47,	8.64,	88.46,	2.06,	2.82,	42.2,	2.69,	2.61,	39.2,	32.4,	28.4,	-1;
VANEK_THOMAS,	80,	1387:39,	32,	41,	23,	238,	324,	383,	31.1,	39.8,	4.45,	2.68,	10.99,	90.31,	2.42,	2.75,	46.8,	2.62,	2.59,	50.3,	19.1,	30.5,	-1;
VAN_RIEMSDYK_JAMES,	75,	1090:03,	21,	19,	11,	173,	236,	303,	32.3,	29.2,	3.58,	2.20,	10.53,	92.58,	3.11,	2.58,	54.7,	2.62,	2.57,	35.8,	25.6,	38.6,	-1;
VASYUNOV_ALEXANDER,	18,	206:34,	1,	4,	4,	18,	23,	32,	16.7,	66.7,	1.74,	1.74,	6.90,	91.30,	2.01,	2.55,	44.0,	2.65,	2.61,	33.5,	28.7,	37.7,	-1;
VERMETTE_ANTOINE,	82,	1542:46,	19,	28,	13,	182,	254,	320,	25.0,	36.8,	2.96,	2.72,	9.00,	89.80,	2.58,	3.22,	44.5,	2.77,	2.60,	39.5,	28.1,	32.4,	-1;
VERSTEEG_KRIS,	80,	1418:24,	21,	25,	15,	180,	262,	366,	28.8,	34.2,	3.09,	2.54,	9.84,	90.55,	2.61,	2.87,	47.7,	2.65,	2.60,	40.8,	25.4,	33.8,	-1;
VINCOUR_TOMAS,	24,	226:15,	1,	1,	0,	26,	39,	52,	33.3,	33.3,	0.80,	2.39,	3.03,	91.09,	2.69,	2.57,	51.1,	2.72,	2.52,	34.7,	18.2,	47.2,	-1;
VITALE_JOE,	9,	95:09,	1,	1,	0,	13,	15,	24,	33.3,	33.3,	1.89,	2.52,	6.12,	90.48,	2.06,	2.54,	44.8,	2.64,	2.63,	34.2,	26.6,	39.2,	-1;
VOLPATTI_AARON,	15,	102:28,	1,	1,	1,	6,	8,	12,	33.3,	33.3,	1.76,	1.76,	6.12,	92.50,	2.53,	2.20,	53.5,	2.40,	2.70,	23.2,	26.1,	50.7,	-1;
VORACEK_JAKUB,	80,	1357:40,	14,	32,	20,	183,	251,	299,	18.4,	42.1,	3.36,	2.70,	8.73,	89.54,	2.58,	2.92,	46.9,	2.73,	2.60,	45.7,	22.2,	32.1,	-1;
VOROS_AARON,	12,	66:32,	0,	0,	0,	8,	9,	10,	0.0,	0.0,	0.90,	4.51,	3.33,	83.33,	1.82,	2.46,	42.5,	2.44,	2.47,	38.2,	22.1,	39.7,	-1;
VRBATA_RADIM,	79,	1292:13,	19,	29,	17,	240,	313,	380,	25.3,	38.7,	3.48,	1.76,	9.62,	93.31,	2.34,	2.90,	44.7,	2.74,	2.61,	43.4,	25.1,	31.5,	-1;
WANDELL_TOM,	75,	881:40,	7,	2,	1,	94,	144,	197,	46.7,	13.3,	1.02,	1.63,	4.67,	93.85,	2.52,	3.01,	45.6,	2.71,	2.62,	29.2,	31.3,	39.5,	-1;
WARD_JOEL,	80,	1365:48,	10,	19,	8,	157,	197,	245,	20.0,	38.0,	2.20,	2.42,	7.70,	91.50,	2.51,	2.26,	52.6,	2.86,	2.64,	28.4,	38.6,	33.0,	-1;
WEIGHT_DOUG,	18,	315:27,	2,	7,	4,	26,	41,	54,	11.1,	38.9,	3.42,	1.90,	10.59,	92.48,	2.46,	2.94,	45.5,	2.55,	2.63,	48.5,	20.9,	30.6,	-1;
WEISE_DALE,	10,	65:03,	0,	0,	0,	9,	11,	12,	0.0,	0.0,	0.00,	0.00,	0.00,	100.00,	2.42,	2.34,	50.8,	2.59,	2.57,	39.3,	28.6,	32.1,	-1;
WEISS_STEPHEN,	76,	1526:50,	21,	28,	15,	172,	218,	283,	28.4,	37.8,	2.91,	2.63,	8.79,	90.95,	2.22,	2.49,	47.2,	2.74,	2.62,	38.9,	29.1,	32.0,	-1;
WELLMAN_CASEY,	15,	159:39,	1,	1,	0,	20,	25,	34,	25.0,	25.0,	1.50,	1.50,	6.35,	95.24,	2.38,	2.78,	46.2,	2.73,	2.62,	29.2,	36.9,	33.8,	-1;
WELLWOOD_KYLE,	35,	478:51,	5,	8,	4,	50,	64,	88,	26.3,	42.1,	2.38,	0.75,	6.27,	96.72,	2.80,	2.55,	52.3,	2.60,	2.52,	37.8,	32.2,	30.0,	-1;
WESTGARTH_KEVIN,	56,	304:26,	0,	3,	1,	20,	31,	34,	0.0,	37.5,	1.58,	2.76,	6.90,	88.43,	2.03,	2.36,	46.2,	2.37,	2.61,	32.3,	24.9,	42.8,	-1;
WHEELER_BLAKE,	81,	1316:02,	18,	26,	16,	179,	239,	292,	31.6,	45.6,	2.60,	2.42,	7.64,	91.96,	2.96,	2.56,	53.6,	2.70,	2.59,	36.2,	28.6,	35.2,	-1;
WHITE_RYAN,	27,	240:53,	2,	3,	2,	30,	33,	44,	16.7,	25.0,	2.99,	1.99,	9.84,	93.04,	2.44,	2.45,	49.9,	2.56,	2.56,	28.3,	35.2,	36.5,	-1;
WHITE_TODD,	18,	138:13,	1,	1,	1,	11,	15,	19,	33.3,	33.3,	1.30,	2.17,	5.66,	94.05,	2.49,	2.23,	52.7,	2.49,	2.66,	29.2,	31.4,	39.4,	-1;
WHITNEY_RAY,	75,	1271:36,	17,	40,	27,	156,	222,	283,	20.7,	48.8,	3.87,	2.22,	10.76,	91.20,	2.17,	2.49,	46.6,	2.72,	2.62,	46.4,	23.1,	30.5,	-1;
WICK_ROMAN,	7,	60:23,	0,	0,	0,	4,	10,	15,	0.0,	0.0,	0.00,	3.98,	0.00,	89.19,	2.11,	2.66,	44.3,	2.62,	2.46,	25.5,	25.5,	48.9,	-1;
WILLIAMS_JASON,	27,	218:57,	2,	3,	3,	18,	31,	45,	33.3,	50.0,	1.64,	1.92,	6.67,	93.33,	2.26,	2.57,	46.8,	2.64,	2.59,	43.5,	21.7,	34.8,	-1;
WILLIAMS_JUSTIN,	73,	1259:21,	22,	35,	17,	213,	303,	386,	28.6,	45.5,	3.67,	2.14,	10.46,	90.87,	2.28,	2.43,	48.4,	2.71,	2.64,	40.1,	27.2,	32.8,	-1;
WILSON_COLIN,	82,	1090:07,	16,	18,	15,	101,	136,	186,	33.3,	37.5,	2.64,	1.60,	9.04,	93.93,	2.66,	2.38,	52.8,	2.65,	2.66,	41.0,	27.5,	31.6,	-1;
WILSON_KYLE,	32,	340:20,	4,	7,	4,	38,	48,	63,	28.6,	50.0,	2.47,	3.00,	8.43,	89.38,	2.37,	2.84,	45.5,	2.70,	2.68,	38.3,	24.9,	36.8,	-1;
WINCHESTER_BRAD,	76,	796:14,	10,	6,	2,	90,	118,	145,	40.0,	24.0,	1.88,	2.71,	6.76,	89.41,	2.66,	2.83,	48.5,	2.60,	2.62,	33.3,	27.2,	39.5,	-1;
WINCHESTER_JESSE,	72,	780:07,	4,	9,	7,	118,	158,	192,	20.0,	45.0,	1.54,	2.69,	5.39,	90.28,	2.24,	2.82,	44.3,	2.62,	2.56,	31.2,	36.3,	32.5,	-1;
WINNIK_DANIEL,	80,	1323:51,	11,	15,	10,	167,	219,	273,	28.9,	39.5,	1.72,	3.04,	6.27,	90.35,	2.77,	3.51,	44.1,	2.80,	2.57,	22.9,	45.5,	31.5,	-1;
WOLSKI_WOJTEK,	73,	1064:23,	12,	23,	12,	135,	178,	217,	25.0,	47.9,	2.71,	1.86,	8.36,	92.55,	2.78,	2.50,	52.7,	2.61,	2.58,	44.6,	24.0,	31.3,	-1;
YIP_BRANDON,	71,	975:02,	12,	10,	6,	127,	168,	206,	33.3,	27.8,	2.21,	3.38,	7.66,	88.96,	2.67,	3.21,	45.5,	2.64,	2.60,	34.4,	27.3,	38.3,	-1;
ZAJAC_TRAVIS,	82,	1622:06,	13,	31,	16,	173,	219,	290,	19.4,	46.3,	2.48,	2.55,	7.97,	89.94,	2.08,	2.51,	45.2,	2.79,	2.61,	37.6,	28.2,	34.2,	-1;
ZETTERBERG_HENRIK,	80,	1566:42,	24,	56,	35,	306,	432,	541,	22.9,	53.3,	4.02,	2.72,	10.36,	90.72,	3.12,	2.81,	52.7,	2.79,	2.61,	38.3,	29.3,	32.4,	-1;
ZHARKOV_VLADIMIR,	38,	430:35,	2,	2,	0,	40,	54,	59,	20.0,	20.0,	1.39,	1.11,	4.81,	95.35,	2.07,	2.48,	45.4,	2.60,	2.60,	34.9,	28.7,	36.5,	-1;
ZHERDEV_NIKOLAI,	56,	720:01,	16,	6,	4,	135,	164,	212,	48.5,	18.2,	2.75,	1.83,	7.32,	93.23,	3.29,	2.61,	55.8,	2.60,	2.57,	34.8,	27.3,	38.0,	-1;
ZUBRUS_DAINIUS,	79,	1353:59,	13,	17,	10,	115,	159,	190,	22.0,	28.8,	2.62,	2.53,	8.49,	88.67,	1.92,	2.49,	43.5,	2.76,	2.60,	41.5,	26.8,	31.7,	-1;
ZUCCARELLO_MATS,	42,	595:14,	6,	17,	8,	74,	103,	121,	18.2,	51.5,	3.33,	1.92,	8.89,	91.04,	2.69,	2.36,	53.2,	2.58,	2.58,	52.5,	17.6,	29.9,	-1;
